N,p,run_id,outcome,t_event,period,glider_seen,t_glider
30,0.1,0,oscillating,69,2.0,1,1.0
30,0.1,1,still,6,,0,
30,0.1,2,oscillating,258,2.0,1,2.0
30,0.1,3,oscillating,267,2.0,1,1.0
30,0.1,4,still,34,,1,9.0
30,0.1,5,still,4,,1,0.0
30,0.1,6,oscillating,71,2.0,1,0.0
30,0.1,7,still,89,,1,6.0
30,0.1,8,still,20,,1,0.0
30,0.1,9,oscillating,125,2.0,1,14.0
30,0.1,10,still,33,,1,2.0
30,0.1,11,oscillating,243,2.0,1,3.0
30,0.1,12,oscillating,109,2.0,1,23.0
30,0.1,13,extinct,3,,0,
30,0.1,14,still,293,,1,1.0
30,0.1,15,oscillating,121,2.0,1,7.0
30,0.1,16,still,5,,0,
30,0.1,17,still,165,,1,1.0
30,0.1,18,extinct,56,,1,7.0
30,0.1,19,still,6,,0,
30,0.1,20,still,76,,1,2.0
30,0.1,21,still,9,,0,
30,0.1,22,extinct,3,,0,
30,0.1,23,still,64,,1,11.0
30,0.1,24,still,384,,1,19.0
30,0.1,25,oscillating,36,2.0,1,1.0
30,0.1,26,still,6,,0,
30,0.1,27,oscillating,80,2.0,1,1.0
30,0.1,28,still,6,,0,
30,0.1,29,still,7,,1,3.0
30,0.1,30,still,21,,1,13.0
30,0.1,31,still,7,,1,1.0
30,0.1,32,oscillating,12,2.0,0,
30,0.1,33,still,223,,1,9.0
30,0.1,34,oscillating,15,2.0,0,
30,0.1,35,oscillating,74,2.0,1,6.0
30,0.1,36,oscillating,317,2.0,1,5.0
30,0.1,37,still,9,,1,1.0
30,0.1,38,oscillating,198,2.0,1,3.0
30,0.1,39,still,8,,1,2.0
30,0.1,40,oscillating,247,2.0,1,7.0
30,0.1,41,oscillating,111,2.0,1,3.0
30,0.1,42,oscillating,122,2.0,1,0.0
30,0.1,43,oscillating,5,2.0,0,
30,0.1,44,oscillating,238,2.0,1,1.0
30,0.1,45,oscillating,63,2.0,1,5.0
30,0.1,46,still,62,,1,3.0
30,0.1,47,still,16,,0,
30,0.1,48,oscillating,13,2.0,0,
30,0.1,49,oscillating,15,2.0,0,
30,0.1,50,oscillating,10,2.0,1,1.0
30,0.1,51,oscillating,140,2.0,1,3.0
30,0.1,52,oscillating,22,2.0,1,1.0
30,0.1,53,oscillating,119,2.0,1,1.0
30,0.1,54,oscillating,189,2.0,1,1.0
30,0.1,55,oscillating,37,2.0,1,0.0
30,0.1,56,still,232,,1,3.0
30,0.1,57,still,307,,1,3.0
30,0.1,58,oscillating,10,2.0,1,3.0
30,0.1,59,oscillating,68,2.0,1,22.0
30,0.1,60,still,9,,1,3.0
30,0.1,61,still,230,,1,1.0
30,0.1,62,oscillating,53,2.0,1,14.0
30,0.1,63,still,62,,1,12.0
30,0.1,64,oscillating,5,2.0,0,
30,0.1,65,still,9,,0,
30,0.1,66,oscillating,6,2.0,0,
30,0.1,67,still,65,,1,5.0
30,0.1,68,oscillating,384,2.0,1,4.0
30,0.1,69,oscillating,5,2.0,0,
30,0.1,70,oscillating,37,6.0,1,1.0
30,0.1,71,oscillating,171,2.0,1,17.0
30,0.1,72,still,6,,0,
30,0.1,73,oscillating,96,2.0,1,2.0
30,0.1,74,still,12,,1,2.0
30,0.1,75,still,9,,0,
30,0.1,76,still,44,,1,0.0
30,0.1,77,extinct,22,,0,
30,0.1,78,still,7,,1,1.0
30,0.1,79,still,7,,0,
30,0.1,80,oscillating,179,2.0,1,0.0
30,0.1,81,oscillating,8,2.0,0,
30,0.1,82,oscillating,14,2.0,0,
30,0.1,83,oscillating,228,2.0,1,9.0
30,0.1,84,still,145,,1,2.0
30,0.1,85,oscillating,20,2.0,1,9.0
30,0.1,86,still,8,,0,
30,0.1,87,oscillating,64,2.0,1,1.0
30,0.1,88,still,36,,1,10.0
30,0.1,89,oscillating,11,2.0,0,
30,0.1,90,oscillating,7,2.0,0,
30,0.1,91,still,273,,1,1.0
30,0.1,92,still,211,,1,1.0
30,0.1,93,oscillating,15,2.0,0,
30,0.1,94,still,5,,0,
30,0.1,95,extinct,3,,0,
30,0.1,96,still,7,,0,
30,0.1,97,oscillating,10,2.0,0,
30,0.1,98,still,15,,1,4.0
30,0.1,99,still,191,,1,7.0
30,0.1,100,oscillating,201,2.0,1,1.0
30,0.1,101,still,14,,1,3.0
30,0.1,102,still,65,,1,12.0
30,0.1,103,oscillating,40,2.0,1,2.0
30,0.1,104,oscillating,85,2.0,1,1.0
30,0.1,105,oscillating,54,2.0,1,17.0
30,0.1,106,oscillating,140,2.0,1,1.0
30,0.1,107,oscillating,49,2.0,1,1.0
30,0.1,108,oscillating,6,2.0,1,0.0
30,0.1,109,oscillating,33,2.0,1,2.0
30,0.1,110,still,9,,1,1.0
30,0.1,111,oscillating,113,2.0,1,13.0
30,0.1,112,oscillating,11,2.0,0,
30,0.1,113,oscillating,207,2.0,1,1.0
30,0.1,114,still,86,,1,1.0
30,0.1,115,still,61,,1,2.0
30,0.1,116,extinct,7,,1,4.0
30,0.1,117,still,8,,0,
30,0.1,118,still,37,,1,4.0
30,0.1,119,oscillating,121,2.0,1,4.0
30,0.1,120,oscillating,12,2.0,1,1.0
30,0.1,121,oscillating,8,2.0,0,
30,0.1,122,active_end,500,,1,14.0
30,0.1,123,still,10,,0,
30,0.1,124,oscillating,263,2.0,1,0.0
30,0.1,125,still,124,,1,3.0
30,0.1,126,still,173,,1,5.0
30,0.1,127,still,68,,1,3.0
30,0.1,128,extinct,38,,1,0.0
30,0.1,129,oscillating,247,2.0,1,18.0
30,0.1,130,oscillating,35,2.0,1,0.0
30,0.1,131,still,46,,1,7.0
30,0.1,132,oscillating,151,2.0,1,2.0
30,0.1,133,oscillating,31,2.0,1,17.0
30,0.1,134,oscillating,99,2.0,1,1.0
30,0.1,135,still,150,,1,5.0
30,0.1,136,still,114,,1,6.0
30,0.1,137,oscillating,21,2.0,1,2.0
30,0.1,138,oscillating,235,2.0,1,2.0
30,0.1,139,oscillating,92,2.0,1,1.0
30,0.1,140,oscillating,128,2.0,1,1.0
30,0.1,141,oscillating,287,2.0,1,31.0
30,0.1,142,still,55,,1,3.0
30,0.1,143,oscillating,129,2.0,1,10.0
30,0.1,144,oscillating,13,2.0,1,0.0
30,0.1,145,oscillating,58,6.0,1,5.0
30,0.1,146,oscillating,7,2.0,0,
30,0.1,147,still,11,,1,1.0
30,0.1,148,still,6,,0,
30,0.1,149,oscillating,12,2.0,0,
30,0.1,150,still,227,,1,13.0
30,0.1,151,oscillating,400,2.0,1,4.0
30,0.1,152,oscillating,12,2.0,0,
30,0.1,153,still,17,,1,9.0
30,0.1,154,oscillating,11,2.0,0,
30,0.1,155,oscillating,6,2.0,0,
30,0.1,156,oscillating,9,2.0,0,
30,0.1,157,still,7,,0,
30,0.1,158,oscillating,144,2.0,1,8.0
30,0.1,159,oscillating,297,2.0,1,10.0
30,0.1,160,oscillating,92,2.0,1,6.0
30,0.1,161,oscillating,22,2.0,1,1.0
30,0.1,162,still,60,,1,14.0
30,0.1,163,oscillating,90,2.0,1,12.0
30,0.1,164,oscillating,132,2.0,1,0.0
30,0.1,165,oscillating,26,2.0,1,8.0
30,0.1,166,active_end,500,,1,4.0
30,0.1,167,oscillating,67,2.0,1,8.0
30,0.1,168,oscillating,28,3.0,1,1.0
30,0.1,169,still,5,,0,
30,0.1,170,oscillating,41,2.0,1,1.0
30,0.1,171,still,18,,1,9.0
30,0.1,172,still,7,,1,2.0
30,0.1,173,oscillating,172,2.0,1,5.0
30,0.1,174,oscillating,90,2.0,1,3.0
30,0.1,175,oscillating,163,3.0,1,0.0
30,0.1,176,oscillating,74,2.0,1,0.0
30,0.1,177,oscillating,73,2.0,1,2.0
30,0.1,178,oscillating,30,3.0,0,
30,0.1,179,still,62,,1,20.0
30,0.1,180,still,283,,1,4.0
30,0.1,181,oscillating,19,2.0,1,7.0
30,0.1,182,oscillating,63,2.0,1,1.0
30,0.1,183,oscillating,19,2.0,1,8.0
30,0.1,184,still,47,,1,14.0
30,0.1,185,oscillating,26,2.0,1,2.0
30,0.1,186,still,47,,1,3.0
30,0.1,187,oscillating,31,2.0,1,2.0
30,0.1,188,still,31,,1,3.0
30,0.1,189,still,50,,1,2.0
30,0.1,190,still,321,,1,1.0
30,0.1,191,still,139,,1,16.0
30,0.1,192,oscillating,13,2.0,1,1.0
30,0.1,193,oscillating,307,2.0,1,4.0
30,0.1,194,oscillating,119,2.0,1,13.0
30,0.1,195,still,20,,1,2.0
30,0.1,196,still,13,,1,5.0
30,0.1,197,oscillating,38,2.0,1,7.0
30,0.1,198,oscillating,5,2.0,0,
30,0.1,199,still,90,,1,2.0
30,0.2,0,oscillating,269,2.0,1,1.0
30,0.2,1,oscillating,170,2.0,1,0.0
30,0.2,2,still,157,,1,0.0
30,0.2,3,oscillating,291,2.0,1,0.0
30,0.2,4,oscillating,41,2.0,1,0.0
30,0.2,5,still,195,,1,0.0
30,0.2,6,oscillating,121,2.0,1,1.0
30,0.2,7,oscillating,54,2.0,1,0.0
30,0.2,8,oscillating,73,2.0,1,0.0
30,0.2,9,oscillating,257,2.0,1,1.0
30,0.2,10,oscillating,259,2.0,1,0.0
30,0.2,11,oscillating,103,2.0,1,0.0
30,0.2,12,oscillating,68,2.0,1,0.0
30,0.2,13,oscillating,246,2.0,1,0.0
30,0.2,14,oscillating,496,2.0,1,0.0
30,0.2,15,still,214,,1,1.0
30,0.2,16,oscillating,143,2.0,1,0.0
30,0.2,17,oscillating,85,3.0,1,1.0
30,0.2,18,still,225,,1,0.0
30,0.2,19,oscillating,124,2.0,1,0.0
30,0.2,20,oscillating,121,2.0,1,0.0
30,0.2,21,oscillating,207,2.0,1,0.0
30,0.2,22,oscillating,242,2.0,1,0.0
30,0.2,23,still,112,,1,0.0
30,0.2,24,oscillating,111,2.0,1,0.0
30,0.2,25,oscillating,450,2.0,1,0.0
30,0.2,26,oscillating,157,2.0,1,0.0
30,0.2,27,oscillating,77,2.0,1,0.0
30,0.2,28,oscillating,88,2.0,1,0.0
30,0.2,29,oscillating,233,2.0,1,0.0
30,0.2,30,still,293,,1,1.0
30,0.2,31,oscillating,67,2.0,1,0.0
30,0.2,32,still,160,,1,1.0
30,0.2,33,still,117,,1,0.0
30,0.2,34,oscillating,159,2.0,1,1.0
30,0.2,35,oscillating,49,2.0,1,0.0
30,0.2,36,oscillating,313,2.0,1,0.0
30,0.2,37,oscillating,114,2.0,1,0.0
30,0.2,38,still,233,,1,0.0
30,0.2,39,oscillating,132,3.0,1,1.0
30,0.2,40,active_end,500,,1,0.0
30,0.2,41,oscillating,259,2.0,1,0.0
30,0.2,42,still,167,,1,0.0
30,0.2,43,oscillating,210,2.0,1,0.0
30,0.2,44,still,117,,1,0.0
30,0.2,45,oscillating,341,2.0,1,0.0
30,0.2,46,oscillating,109,2.0,1,1.0
30,0.2,47,oscillating,164,2.0,1,0.0
30,0.2,48,still,177,,1,0.0
30,0.2,49,oscillating,112,2.0,1,1.0
30,0.2,50,oscillating,169,2.0,1,0.0
30,0.2,51,still,301,,1,1.0
30,0.2,52,oscillating,98,2.0,1,0.0
30,0.2,53,still,182,,1,0.0
30,0.2,54,oscillating,313,2.0,1,0.0
30,0.2,55,oscillating,137,3.0,1,0.0
30,0.2,56,oscillating,123,2.0,1,0.0
30,0.2,57,oscillating,71,2.0,1,1.0
30,0.2,58,oscillating,181,2.0,1,0.0
30,0.2,59,oscillating,127,6.0,1,0.0
30,0.2,60,oscillating,106,2.0,1,0.0
30,0.2,61,oscillating,136,2.0,1,0.0
30,0.2,62,oscillating,62,2.0,1,0.0
30,0.2,63,still,129,,1,0.0
30,0.2,64,oscillating,200,2.0,1,0.0
30,0.2,65,still,125,,1,0.0
30,0.2,66,oscillating,190,2.0,1,0.0
30,0.2,67,still,206,,1,0.0
30,0.2,68,oscillating,156,2.0,1,0.0
30,0.2,69,oscillating,200,2.0,1,1.0
30,0.2,70,oscillating,127,2.0,1,0.0
30,0.2,71,oscillating,194,2.0,1,1.0
30,0.2,72,oscillating,61,2.0,1,1.0
30,0.2,73,oscillating,49,2.0,1,1.0
30,0.2,74,active_end,500,,1,0.0
30,0.2,75,still,110,,1,0.0
30,0.2,76,oscillating,156,2.0,1,0.0
30,0.2,77,oscillating,126,2.0,1,1.0
30,0.2,78,oscillating,227,2.0,1,1.0
30,0.2,79,still,336,,1,0.0
30,0.2,80,oscillating,91,2.0,1,0.0
30,0.2,81,oscillating,144,2.0,1,1.0
30,0.2,82,still,267,,1,0.0
30,0.2,83,oscillating,184,2.0,1,0.0
30,0.2,84,oscillating,280,2.0,1,0.0
30,0.2,85,oscillating,388,2.0,1,0.0
30,0.2,86,still,254,,1,0.0
30,0.2,87,oscillating,113,2.0,1,0.0
30,0.2,88,oscillating,286,2.0,1,0.0
30,0.2,89,oscillating,159,2.0,1,0.0
30,0.2,90,still,61,,1,0.0
30,0.2,91,oscillating,300,2.0,1,0.0
30,0.2,92,still,170,,1,0.0
30,0.2,93,oscillating,223,2.0,1,0.0
30,0.2,94,oscillating,174,2.0,1,0.0
30,0.2,95,oscillating,103,2.0,1,0.0
30,0.2,96,oscillating,103,2.0,1,0.0
30,0.2,97,oscillating,311,2.0,1,0.0
30,0.2,98,oscillating,295,2.0,1,0.0
30,0.2,99,oscillating,271,2.0,1,0.0
30,0.2,100,oscillating,224,2.0,1,0.0
30,0.2,101,oscillating,58,2.0,1,0.0
30,0.2,102,oscillating,96,2.0,1,0.0
30,0.2,103,oscillating,192,6.0,1,0.0
30,0.2,104,oscillating,116,2.0,1,0.0
30,0.2,105,oscillating,119,2.0,1,1.0
30,0.2,106,still,147,,1,1.0
30,0.2,107,oscillating,274,2.0,1,0.0
30,0.2,108,oscillating,76,2.0,1,1.0
30,0.2,109,oscillating,84,2.0,1,1.0
30,0.2,110,oscillating,97,2.0,1,0.0
30,0.2,111,still,177,,1,0.0
30,0.2,112,oscillating,177,2.0,1,0.0
30,0.2,113,oscillating,85,2.0,1,0.0
30,0.2,114,oscillating,123,2.0,1,0.0
30,0.2,115,oscillating,85,2.0,1,0.0
30,0.2,116,oscillating,178,2.0,1,0.0
30,0.2,117,oscillating,221,2.0,1,0.0
30,0.2,118,oscillating,262,2.0,1,0.0
30,0.2,119,still,191,,1,0.0
30,0.2,120,active_end,500,,1,0.0
30,0.2,121,oscillating,383,2.0,1,0.0
30,0.2,122,oscillating,33,2.0,1,0.0
30,0.2,123,oscillating,125,2.0,1,0.0
30,0.2,124,oscillating,114,2.0,1,0.0
30,0.2,125,oscillating,158,2.0,1,0.0
30,0.2,126,oscillating,171,6.0,1,0.0
30,0.2,127,oscillating,21,2.0,1,1.0
30,0.2,128,oscillating,84,2.0,1,0.0
30,0.2,129,oscillating,95,2.0,1,0.0
30,0.2,130,active_end,500,,1,1.0
30,0.2,131,oscillating,239,6.0,1,1.0
30,0.2,132,still,94,,1,1.0
30,0.2,133,active_end,500,,1,0.0
30,0.2,134,oscillating,80,2.0,1,0.0
30,0.2,135,still,128,,1,1.0
30,0.2,136,active_end,500,,1,0.0
30,0.2,137,still,114,,1,0.0
30,0.2,138,oscillating,127,2.0,1,1.0
30,0.2,139,oscillating,125,6.0,1,0.0
30,0.2,140,oscillating,73,2.0,1,0.0
30,0.2,141,oscillating,259,2.0,1,0.0
30,0.2,142,still,174,,1,1.0
30,0.2,143,oscillating,392,2.0,1,0.0
30,0.2,144,oscillating,126,2.0,1,0.0
30,0.2,145,oscillating,181,2.0,1,0.0
30,0.2,146,still,135,,1,1.0
30,0.2,147,oscillating,232,2.0,1,1.0
30,0.2,148,oscillating,193,2.0,1,0.0
30,0.2,149,oscillating,141,2.0,1,0.0
30,0.2,150,oscillating,253,2.0,1,1.0
30,0.2,151,still,65,,1,0.0
30,0.2,152,oscillating,152,2.0,1,0.0
30,0.2,153,oscillating,190,2.0,1,1.0
30,0.2,154,oscillating,140,2.0,1,0.0
30,0.2,155,oscillating,93,2.0,1,0.0
30,0.2,156,oscillating,187,2.0,1,1.0
30,0.2,157,oscillating,100,2.0,1,0.0
30,0.2,158,still,86,,1,1.0
30,0.2,159,oscillating,183,2.0,1,1.0
30,0.2,160,oscillating,197,6.0,1,0.0
30,0.2,161,oscillating,95,2.0,1,0.0
30,0.2,162,oscillating,251,2.0,1,0.0
30,0.2,163,oscillating,116,2.0,1,0.0
30,0.2,164,oscillating,109,2.0,1,0.0
30,0.2,165,oscillating,311,2.0,1,0.0
30,0.2,166,oscillating,180,2.0,1,0.0
30,0.2,167,still,101,,1,0.0
30,0.2,168,still,115,,1,1.0
30,0.2,169,still,78,,1,1.0
30,0.2,170,still,213,,1,0.0
30,0.2,171,oscillating,157,2.0,1,1.0
30,0.2,172,oscillating,238,2.0,1,0.0
30,0.2,173,oscillating,221,2.0,1,0.0
30,0.2,174,oscillating,160,2.0,1,0.0
30,0.2,175,still,136,,1,0.0
30,0.2,176,oscillating,85,6.0,1,0.0
30,0.2,177,oscillating,112,2.0,1,0.0
30,0.2,178,still,110,,1,0.0
30,0.2,179,oscillating,176,2.0,1,1.0
30,0.2,180,oscillating,80,2.0,1,0.0
30,0.2,181,oscillating,149,2.0,1,0.0
30,0.2,182,oscillating,360,3.0,1,0.0
30,0.2,183,still,195,,1,0.0
30,0.2,184,oscillating,70,2.0,1,2.0
30,0.2,185,oscillating,315,2.0,1,1.0
30,0.2,186,active_end,500,,1,0.0
30,0.2,187,oscillating,242,2.0,1,0.0
30,0.2,188,oscillating,118,2.0,1,0.0
30,0.2,189,oscillating,97,2.0,1,0.0
30,0.2,190,oscillating,244,2.0,1,0.0
30,0.2,191,active_end,500,,1,1.0
30,0.2,192,oscillating,201,2.0,1,1.0
30,0.2,193,oscillating,347,2.0,1,0.0
30,0.2,194,oscillating,220,2.0,1,0.0
30,0.2,195,oscillating,174,2.0,1,1.0
30,0.2,196,oscillating,124,2.0,1,0.0
30,0.2,197,oscillating,262,2.0,1,0.0
30,0.2,198,oscillating,71,2.0,1,0.0
30,0.2,199,oscillating,89,2.0,1,1.0
30,0.3,0,oscillating,181,2.0,1,0.0
30,0.3,1,oscillating,180,2.0,1,0.0
30,0.3,2,oscillating,168,2.0,1,0.0
30,0.3,3,oscillating,54,2.0,1,0.0
30,0.3,4,oscillating,92,2.0,1,0.0
30,0.3,5,oscillating,267,2.0,1,0.0
30,0.3,6,oscillating,131,2.0,1,0.0
30,0.3,7,oscillating,240,2.0,1,0.0
30,0.3,8,oscillating,203,3.0,1,0.0
30,0.3,9,active_end,500,,1,0.0
30,0.3,10,oscillating,277,2.0,1,0.0
30,0.3,11,oscillating,204,2.0,1,0.0
30,0.3,12,still,121,,1,0.0
30,0.3,13,oscillating,226,2.0,1,0.0
30,0.3,14,oscillating,179,2.0,1,0.0
30,0.3,15,oscillating,357,2.0,1,0.0
30,0.3,16,oscillating,189,2.0,1,0.0
30,0.3,17,oscillating,61,2.0,1,0.0
30,0.3,18,oscillating,100,2.0,1,0.0
30,0.3,19,oscillating,278,2.0,1,0.0
30,0.3,20,oscillating,110,2.0,1,0.0
30,0.3,21,still,107,,1,0.0
30,0.3,22,oscillating,257,2.0,1,0.0
30,0.3,23,oscillating,137,2.0,1,0.0
30,0.3,24,oscillating,193,2.0,1,0.0
30,0.3,25,oscillating,83,6.0,1,0.0
30,0.3,26,oscillating,82,2.0,1,0.0
30,0.3,27,oscillating,83,2.0,1,0.0
30,0.3,28,oscillating,83,2.0,1,0.0
30,0.3,29,still,328,,1,0.0
30,0.3,30,oscillating,165,2.0,1,0.0
30,0.3,31,oscillating,194,2.0,1,0.0
30,0.3,32,oscillating,482,2.0,1,0.0
30,0.3,33,oscillating,211,2.0,1,0.0
30,0.3,34,oscillating,63,2.0,1,0.0
30,0.3,35,oscillating,127,2.0,1,0.0
30,0.3,36,oscillating,67,2.0,1,0.0
30,0.3,37,still,250,,1,0.0
30,0.3,38,oscillating,158,2.0,1,0.0
30,0.3,39,oscillating,196,2.0,1,0.0
30,0.3,40,oscillating,74,2.0,1,0.0
30,0.3,41,still,190,,1,0.0
30,0.3,42,still,85,,1,0.0
30,0.3,43,oscillating,116,2.0,1,0.0
30,0.3,44,oscillating,436,2.0,1,0.0
30,0.3,45,oscillating,153,2.0,1,0.0
30,0.3,46,still,74,,1,0.0
30,0.3,47,oscillating,78,2.0,1,0.0
30,0.3,48,oscillating,145,2.0,1,0.0
30,0.3,49,oscillating,216,2.0,1,0.0
30,0.3,50,oscillating,139,2.0,1,0.0
30,0.3,51,oscillating,374,2.0,1,0.0
30,0.3,52,oscillating,82,2.0,1,0.0
30,0.3,53,oscillating,262,2.0,1,0.0
30,0.3,54,oscillating,295,2.0,1,0.0
30,0.3,55,oscillating,418,2.0,1,0.0
30,0.3,56,oscillating,175,2.0,1,0.0
30,0.3,57,oscillating,141,2.0,1,0.0
30,0.3,58,oscillating,151,2.0,1,0.0
30,0.3,59,still,389,,1,0.0
30,0.3,60,oscillating,372,2.0,1,0.0
30,0.3,61,oscillating,289,2.0,1,0.0
30,0.3,62,oscillating,34,2.0,1,0.0
30,0.3,63,oscillating,162,2.0,1,0.0
30,0.3,64,still,244,,1,0.0
30,0.3,65,oscillating,122,2.0,1,0.0
30,0.3,66,still,154,,1,0.0
30,0.3,67,still,311,,1,0.0
30,0.3,68,still,254,,1,0.0
30,0.3,69,still,202,,1,0.0
30,0.3,70,active_end,500,,1,0.0
30,0.3,71,still,133,,1,0.0
30,0.3,72,oscillating,370,2.0,1,0.0
30,0.3,73,oscillating,164,2.0,1,0.0
30,0.3,74,oscillating,102,2.0,1,0.0
30,0.3,75,oscillating,97,2.0,1,0.0
30,0.3,76,oscillating,225,2.0,1,0.0
30,0.3,77,oscillating,65,2.0,1,0.0
30,0.3,78,oscillating,175,6.0,1,0.0
30,0.3,79,oscillating,213,2.0,1,0.0
30,0.3,80,oscillating,202,2.0,1,0.0
30,0.3,81,oscillating,317,2.0,1,0.0
30,0.3,82,still,142,,1,0.0
30,0.3,83,oscillating,156,2.0,1,0.0
30,0.3,84,still,245,,1,0.0
30,0.3,85,oscillating,193,2.0,1,0.0
30,0.3,86,oscillating,176,2.0,1,0.0
30,0.3,87,still,131,,1,0.0
30,0.3,88,oscillating,282,6.0,1,0.0
30,0.3,89,still,161,,1,0.0
30,0.3,90,oscillating,213,2.0,1,0.0
30,0.3,91,oscillating,151,2.0,1,0.0
30,0.3,92,still,111,,1,0.0
30,0.3,93,oscillating,163,2.0,1,0.0
30,0.3,94,still,431,,1,0.0
30,0.3,95,oscillating,87,2.0,1,0.0
30,0.3,96,oscillating,135,2.0,1,0.0
30,0.3,97,oscillating,167,2.0,1,0.0
30,0.3,98,still,234,,1,0.0
30,0.3,99,oscillating,130,2.0,1,0.0
30,0.3,100,oscillating,213,2.0,1,0.0
30,0.3,101,oscillating,223,2.0,1,0.0
30,0.3,102,still,157,,1,0.0
30,0.3,103,oscillating,217,2.0,1,0.0
30,0.3,104,oscillating,299,2.0,1,0.0
30,0.3,105,active_end,500,,1,0.0
30,0.3,106,oscillating,162,2.0,1,0.0
30,0.3,107,oscillating,147,2.0,1,0.0
30,0.3,108,still,244,,1,0.0
30,0.3,109,oscillating,161,2.0,1,0.0
30,0.3,110,oscillating,280,2.0,1,0.0
30,0.3,111,oscillating,137,2.0,1,0.0
30,0.3,112,oscillating,71,2.0,1,0.0
30,0.3,113,oscillating,279,6.0,1,0.0
30,0.3,114,oscillating,49,2.0,1,0.0
30,0.3,115,still,145,,1,0.0
30,0.3,116,oscillating,134,2.0,1,0.0
30,0.3,117,oscillating,296,2.0,1,0.0
30,0.3,118,still,171,,1,0.0
30,0.3,119,oscillating,240,2.0,1,0.0
30,0.3,120,oscillating,41,2.0,1,0.0
30,0.3,121,active_end,500,,1,0.0
30,0.3,122,oscillating,186,2.0,1,0.0
30,0.3,123,oscillating,59,2.0,1,0.0
30,0.3,124,oscillating,57,2.0,1,0.0
30,0.3,125,oscillating,200,2.0,1,0.0
30,0.3,126,oscillating,326,2.0,1,0.0
30,0.3,127,oscillating,110,2.0,1,0.0
30,0.3,128,oscillating,147,2.0,1,0.0
30,0.3,129,still,122,,1,0.0
30,0.3,130,oscillating,271,2.0,1,0.0
30,0.3,131,oscillating,83,3.0,1,0.0
30,0.3,132,oscillating,258,2.0,1,0.0
30,0.3,133,oscillating,136,2.0,1,0.0
30,0.3,134,oscillating,339,2.0,1,0.0
30,0.3,135,oscillating,244,2.0,1,0.0
30,0.3,136,oscillating,481,2.0,1,0.0
30,0.3,137,oscillating,132,2.0,1,0.0
30,0.3,138,oscillating,57,3.0,1,0.0
30,0.3,139,oscillating,108,2.0,1,0.0
30,0.3,140,oscillating,77,2.0,1,0.0
30,0.3,141,oscillating,199,2.0,1,0.0
30,0.3,142,still,407,,1,0.0
30,0.3,143,oscillating,119,2.0,1,0.0
30,0.3,144,still,145,,1,0.0
30,0.3,145,oscillating,300,6.0,1,0.0
30,0.3,146,still,185,,1,0.0
30,0.3,147,oscillating,149,2.0,1,0.0
30,0.3,148,oscillating,382,2.0,1,0.0
30,0.3,149,oscillating,370,2.0,1,0.0
30,0.3,150,oscillating,150,2.0,1,0.0
30,0.3,151,oscillating,62,2.0,1,0.0
30,0.3,152,oscillating,65,2.0,1,0.0
30,0.3,153,still,208,,1,0.0
30,0.3,154,oscillating,100,2.0,1,0.0
30,0.3,155,still,370,,1,0.0
30,0.3,156,oscillating,115,2.0,1,0.0
30,0.3,157,oscillating,140,3.0,1,0.0
30,0.3,158,oscillating,299,2.0,1,0.0
30,0.3,159,still,236,,1,0.0
30,0.3,160,still,205,,1,0.0
30,0.3,161,oscillating,201,2.0,1,0.0
30,0.3,162,oscillating,110,2.0,1,0.0
30,0.3,163,oscillating,91,2.0,1,0.0
30,0.3,164,oscillating,72,2.0,1,0.0
30,0.3,165,oscillating,385,2.0,1,0.0
30,0.3,166,still,108,,1,0.0
30,0.3,167,oscillating,115,2.0,1,0.0
30,0.3,168,oscillating,88,2.0,1,0.0
30,0.3,169,still,293,,1,0.0
30,0.3,170,oscillating,102,2.0,1,0.0
30,0.3,171,oscillating,63,2.0,1,0.0
30,0.3,172,active_end,500,,1,0.0
30,0.3,173,oscillating,150,2.0,1,0.0
30,0.3,174,oscillating,64,2.0,1,0.0
30,0.3,175,still,107,,1,0.0
30,0.3,176,still,184,,1,0.0
30,0.3,177,oscillating,374,2.0,1,0.0
30,0.3,178,oscillating,173,2.0,1,0.0
30,0.3,179,oscillating,277,2.0,1,0.0
30,0.3,180,oscillating,249,2.0,1,0.0
30,0.3,181,still,290,,1,0.0
30,0.3,182,oscillating,157,3.0,1,0.0
30,0.3,183,oscillating,161,2.0,1,0.0
30,0.3,184,oscillating,180,2.0,1,0.0
30,0.3,185,still,397,,1,0.0
30,0.3,186,oscillating,182,2.0,1,0.0
30,0.3,187,oscillating,143,2.0,1,0.0
30,0.3,188,still,109,,1,0.0
30,0.3,189,oscillating,251,2.0,1,0.0
30,0.3,190,oscillating,249,2.0,1,0.0
30,0.3,191,still,86,,1,0.0
30,0.3,192,still,383,,1,0.0
30,0.3,193,oscillating,405,2.0,1,0.0
30,0.3,194,oscillating,318,2.0,1,0.0
30,0.3,195,oscillating,179,2.0,1,0.0
30,0.3,196,oscillating,301,2.0,1,0.0
30,0.3,197,oscillating,219,2.0,1,0.0
30,0.3,198,oscillating,95,2.0,1,0.0
30,0.3,199,still,247,,1,0.0
30,0.4,0,oscillating,288,2.0,1,0.0
30,0.4,1,still,289,,1,0.0
30,0.4,2,oscillating,204,2.0,1,0.0
30,0.4,3,oscillating,248,2.0,1,0.0
30,0.4,4,oscillating,150,2.0,1,0.0
30,0.4,5,oscillating,178,2.0,1,0.0
30,0.4,6,still,341,,1,0.0
30,0.4,7,oscillating,219,2.0,1,0.0
30,0.4,8,oscillating,165,2.0,1,0.0
30,0.4,9,oscillating,146,2.0,1,0.0
30,0.4,10,oscillating,106,2.0,1,0.0
30,0.4,11,still,167,,1,0.0
30,0.4,12,oscillating,178,2.0,1,0.0
30,0.4,13,oscillating,134,2.0,1,0.0
30,0.4,14,oscillating,371,2.0,1,0.0
30,0.4,15,still,209,,1,0.0
30,0.4,16,oscillating,196,2.0,1,0.0
30,0.4,17,oscillating,106,2.0,1,0.0
30,0.4,18,active_end,500,,1,0.0
30,0.4,19,still,127,,1,0.0
30,0.4,20,oscillating,61,2.0,1,0.0
30,0.4,21,oscillating,84,2.0,1,0.0
30,0.4,22,oscillating,147,2.0,1,0.0
30,0.4,23,oscillating,148,2.0,1,0.0
30,0.4,24,still,206,,1,0.0
30,0.4,25,oscillating,352,2.0,1,0.0
30,0.4,26,active_end,500,,1,0.0
30,0.4,27,still,439,,1,0.0
30,0.4,28,oscillating,43,2.0,1,0.0
30,0.4,29,oscillating,85,2.0,1,0.0
30,0.4,30,still,121,,1,0.0
30,0.4,31,oscillating,221,2.0,1,0.0
30,0.4,32,still,261,,1,0.0
30,0.4,33,oscillating,116,2.0,1,0.0
30,0.4,34,oscillating,494,2.0,1,0.0
30,0.4,35,still,266,,1,0.0
30,0.4,36,oscillating,141,2.0,1,0.0
30,0.4,37,active_end,500,,1,0.0
30,0.4,38,oscillating,73,2.0,1,0.0
30,0.4,39,still,158,,1,0.0
30,0.4,40,active_end,500,,1,0.0
30,0.4,41,active_end,500,,1,0.0
30,0.4,42,oscillating,242,2.0,1,0.0
30,0.4,43,oscillating,99,2.0,1,0.0
30,0.4,44,oscillating,140,2.0,1,0.0
30,0.4,45,oscillating,111,2.0,1,0.0
30,0.4,46,oscillating,137,2.0,1,0.0
30,0.4,47,oscillating,140,2.0,1,0.0
30,0.4,48,still,223,,1,0.0
30,0.4,49,oscillating,82,2.0,1,0.0
30,0.4,50,oscillating,221,2.0,1,0.0
30,0.4,51,still,137,,1,0.0
30,0.4,52,oscillating,225,2.0,1,0.0
30,0.4,53,active_end,500,,1,0.0
30,0.4,54,oscillating,357,2.0,1,0.0
30,0.4,55,oscillating,109,2.0,1,0.0
30,0.4,56,oscillating,50,2.0,1,0.0
30,0.4,57,oscillating,208,2.0,1,0.0
30,0.4,58,oscillating,133,2.0,1,0.0
30,0.4,59,oscillating,94,2.0,1,0.0
30,0.4,60,active_end,500,,1,0.0
30,0.4,61,oscillating,71,2.0,1,0.0
30,0.4,62,active_end,500,,1,0.0
30,0.4,63,oscillating,256,2.0,1,0.0
30,0.4,64,still,276,,1,0.0
30,0.4,65,oscillating,227,2.0,1,0.0
30,0.4,66,oscillating,134,2.0,1,0.0
30,0.4,67,still,170,,1,0.0
30,0.4,68,oscillating,154,2.0,1,0.0
30,0.4,69,still,56,,1,0.0
30,0.4,70,oscillating,136,2.0,1,0.0
30,0.4,71,oscillating,201,2.0,1,0.0
30,0.4,72,oscillating,229,2.0,1,0.0
30,0.4,73,oscillating,200,2.0,1,0.0
30,0.4,74,oscillating,337,2.0,1,0.0
30,0.4,75,oscillating,206,2.0,1,0.0
30,0.4,76,oscillating,103,2.0,1,0.0
30,0.4,77,still,127,,1,0.0
30,0.4,78,oscillating,315,3.0,1,0.0
30,0.4,79,oscillating,351,2.0,1,0.0
30,0.4,80,oscillating,81,2.0,1,0.0
30,0.4,81,active_end,500,,1,0.0
30,0.4,82,still,202,,1,0.0
30,0.4,83,oscillating,135,2.0,1,0.0
30,0.4,84,still,115,,1,0.0
30,0.4,85,oscillating,82,2.0,1,0.0
30,0.4,86,oscillating,95,2.0,1,0.0
30,0.4,87,oscillating,90,2.0,1,0.0
30,0.4,88,oscillating,146,2.0,1,0.0
30,0.4,89,oscillating,222,6.0,1,0.0
30,0.4,90,oscillating,205,2.0,1,0.0
30,0.4,91,active_end,500,,1,0.0
30,0.4,92,oscillating,317,2.0,1,0.0
30,0.4,93,oscillating,129,3.0,1,0.0
30,0.4,94,still,55,,1,0.0
30,0.4,95,oscillating,76,2.0,1,0.0
30,0.4,96,oscillating,109,2.0,1,0.0
30,0.4,97,active_end,500,,1,0.0
30,0.4,98,oscillating,115,2.0,1,0.0
30,0.4,99,oscillating,263,2.0,1,0.0
30,0.4,100,oscillating,162,2.0,1,0.0
30,0.4,101,still,439,,1,0.0
30,0.4,102,still,448,,1,0.0
30,0.4,103,oscillating,113,2.0,1,0.0
30,0.4,104,still,269,,1,0.0
30,0.4,105,oscillating,261,2.0,1,0.0
30,0.4,106,oscillating,173,2.0,1,0.0
30,0.4,107,active_end,500,,1,0.0
30,0.4,108,still,247,,1,0.0
30,0.4,109,oscillating,321,2.0,1,0.0
30,0.4,110,oscillating,407,2.0,1,0.0
30,0.4,111,still,101,,1,0.0
30,0.4,112,oscillating,474,2.0,1,0.0
30,0.4,113,oscillating,203,2.0,1,0.0
30,0.4,114,oscillating,243,2.0,1,0.0
30,0.4,115,oscillating,374,2.0,1,0.0
30,0.4,116,still,108,,1,0.0
30,0.4,117,oscillating,196,2.0,1,0.0
30,0.4,118,oscillating,133,2.0,1,0.0
30,0.4,119,oscillating,131,2.0,1,0.0
30,0.4,120,oscillating,234,2.0,1,0.0
30,0.4,121,oscillating,263,2.0,1,0.0
30,0.4,122,oscillating,136,2.0,1,0.0
30,0.4,123,oscillating,178,2.0,1,0.0
30,0.4,124,still,227,,1,0.0
30,0.4,125,active_end,500,,1,0.0
30,0.4,126,oscillating,92,2.0,1,0.0
30,0.4,127,oscillating,166,3.0,1,0.0
30,0.4,128,active_end,500,,1,0.0
30,0.4,129,still,87,,1,0.0
30,0.4,130,oscillating,290,2.0,1,0.0
30,0.4,131,still,223,,1,0.0
30,0.4,132,still,108,,1,0.0
30,0.4,133,oscillating,218,2.0,1,0.0
30,0.4,134,oscillating,60,2.0,1,0.0
30,0.4,135,oscillating,74,2.0,1,0.0
30,0.4,136,oscillating,319,6.0,1,0.0
30,0.4,137,oscillating,100,2.0,1,0.0
30,0.4,138,oscillating,136,2.0,1,0.0
30,0.4,139,oscillating,62,2.0,1,0.0
30,0.4,140,oscillating,62,2.0,1,0.0
30,0.4,141,oscillating,83,2.0,1,0.0
30,0.4,142,oscillating,374,2.0,1,0.0
30,0.4,143,oscillating,241,2.0,1,0.0
30,0.4,144,still,340,,1,0.0
30,0.4,145,oscillating,354,2.0,1,0.0
30,0.4,146,oscillating,217,2.0,1,0.0
30,0.4,147,oscillating,209,2.0,1,0.0
30,0.4,148,oscillating,179,2.0,1,0.0
30,0.4,149,oscillating,79,2.0,1,0.0
30,0.4,150,oscillating,407,2.0,1,0.0
30,0.4,151,oscillating,294,2.0,1,0.0
30,0.4,152,oscillating,145,2.0,1,0.0
30,0.4,153,oscillating,248,2.0,1,0.0
30,0.4,154,still,293,,1,0.0
30,0.4,155,oscillating,135,2.0,1,0.0
30,0.4,156,still,253,,1,0.0
30,0.4,157,oscillating,147,2.0,1,0.0
30,0.4,158,oscillating,122,2.0,1,0.0
30,0.4,159,oscillating,179,2.0,1,0.0
30,0.4,160,still,271,,1,0.0
30,0.4,161,oscillating,295,2.0,1,0.0
30,0.4,162,still,435,,1,0.0
30,0.4,163,oscillating,80,2.0,1,0.0
30,0.4,164,oscillating,135,2.0,1,0.0
30,0.4,165,oscillating,124,2.0,1,0.0
30,0.4,166,active_end,500,,1,0.0
30,0.4,167,oscillating,229,2.0,1,0.0
30,0.4,168,oscillating,124,2.0,1,0.0
30,0.4,169,oscillating,248,2.0,1,0.0
30,0.4,170,still,289,,1,0.0
30,0.4,171,oscillating,91,2.0,1,0.0
30,0.4,172,oscillating,101,6.0,1,0.0
30,0.4,173,oscillating,328,2.0,1,0.0
30,0.4,174,oscillating,90,2.0,1,0.0
30,0.4,175,oscillating,260,2.0,1,0.0
30,0.4,176,oscillating,148,2.0,1,0.0
30,0.4,177,oscillating,109,2.0,1,0.0
30,0.4,178,oscillating,252,2.0,1,0.0
30,0.4,179,still,277,,1,0.0
30,0.4,180,oscillating,57,2.0,1,0.0
30,0.4,181,oscillating,168,2.0,1,0.0
30,0.4,182,oscillating,312,6.0,1,0.0
30,0.4,183,active_end,500,,1,0.0
30,0.4,184,oscillating,216,2.0,1,0.0
30,0.4,185,still,133,,1,0.0
30,0.4,186,still,155,,1,0.0
30,0.4,187,active_end,500,,1,0.0
30,0.4,188,oscillating,303,2.0,1,0.0
30,0.4,189,still,99,,1,0.0
30,0.4,190,still,53,,1,0.0
30,0.4,191,oscillating,228,2.0,1,0.0
30,0.4,192,still,76,,1,0.0
30,0.4,193,still,158,,1,0.0
30,0.4,194,oscillating,237,2.0,1,0.0
30,0.4,195,oscillating,80,2.0,1,0.0
30,0.4,196,still,186,,1,0.0
30,0.4,197,oscillating,194,2.0,1,0.0
30,0.4,198,still,377,,1,0.0
30,0.4,199,active_end,500,,1,0.0
50,0.1,0,oscillating,39,2.0,1,2.0
50,0.1,1,oscillating,9,2.0,1,2.0
50,0.1,2,oscillating,54,2.0,1,3.0
50,0.1,3,oscillating,327,2.0,1,1.0
50,0.1,4,oscillating,85,2.0,1,1.0
50,0.1,5,oscillating,152,2.0,1,1.0
50,0.1,6,oscillating,339,2.0,1,1.0
50,0.1,7,oscillating,53,2.0,1,2.0
50,0.1,8,oscillating,219,2.0,1,1.0
50,0.1,9,oscillating,186,2.0,1,7.0
50,0.1,10,active_end,500,,1,3.0
50,0.1,11,oscillating,210,2.0,1,1.0
50,0.1,12,oscillating,54,2.0,1,1.0
50,0.1,13,oscillating,82,3.0,1,1.0
50,0.1,14,oscillating,288,2.0,1,1.0
50,0.1,15,oscillating,197,2.0,1,1.0
50,0.1,16,oscillating,258,2.0,1,5.0
50,0.1,17,active_end,500,,1,4.0
50,0.1,18,oscillating,137,2.0,1,1.0
50,0.1,19,oscillating,221,2.0,1,0.0
50,0.1,20,still,24,,1,11.0
50,0.1,21,oscillating,428,2.0,1,0.0
50,0.1,22,oscillating,302,2.0,1,1.0
50,0.1,23,oscillating,96,6.0,1,1.0
50,0.1,24,active_end,500,,1,1.0
50,0.1,25,oscillating,499,2.0,1,0.0
50,0.1,26,oscillating,32,6.0,1,3.0
50,0.1,27,oscillating,24,2.0,1,4.0
50,0.1,28,oscillating,353,2.0,1,2.0
50,0.1,29,oscillating,135,2.0,1,11.0
50,0.1,30,oscillating,7,2.0,1,1.0
50,0.1,31,oscillating,241,2.0,1,1.0
50,0.1,32,oscillating,65,2.0,1,8.0
50,0.1,33,oscillating,151,2.0,1,0.0
50,0.1,34,oscillating,174,2.0,1,1.0
50,0.1,35,active_end,500,,1,2.0
50,0.1,36,oscillating,101,2.0,1,1.0
50,0.1,37,oscillating,90,2.0,1,1.0
50,0.1,38,oscillating,263,2.0,1,1.0
50,0.1,39,active_end,500,,1,3.0
50,0.1,40,oscillating,107,2.0,1,1.0
50,0.1,41,oscillating,155,2.0,1,0.0
50,0.1,42,active_end,500,,1,17.0
50,0.1,43,oscillating,75,2.0,1,1.0
50,0.1,44,oscillating,388,2.0,1,1.0
50,0.1,45,oscillating,93,2.0,1,2.0
50,0.1,46,oscillating,248,2.0,1,1.0
50,0.1,47,oscillating,267,2.0,1,1.0
50,0.1,48,active_end,500,,1,1.0
50,0.1,49,oscillating,165,2.0,1,0.0
50,0.1,50,oscillating,30,2.0,1,0.0
50,0.1,51,oscillating,193,2.0,1,1.0
50,0.1,52,oscillating,490,2.0,1,0.0
50,0.1,53,oscillating,158,2.0,1,0.0
50,0.1,54,oscillating,100,2.0,1,1.0
50,0.1,55,oscillating,91,2.0,1,4.0
50,0.1,56,oscillating,302,2.0,1,0.0
50,0.1,57,oscillating,111,6.0,1,1.0
50,0.1,58,oscillating,201,2.0,1,1.0
50,0.1,59,oscillating,43,2.0,1,2.0
50,0.1,60,oscillating,93,2.0,1,2.0
50,0.1,61,still,50,,1,1.0
50,0.1,62,oscillating,218,2.0,1,1.0
50,0.1,63,oscillating,47,2.0,1,0.0
50,0.1,64,oscillating,287,2.0,1,1.0
50,0.1,65,oscillating,136,2.0,1,0.0
50,0.1,66,active_end,500,,1,0.0
50,0.1,67,oscillating,12,2.0,1,1.0
50,0.1,68,oscillating,371,2.0,1,1.0
50,0.1,69,oscillating,124,2.0,1,3.0
50,0.1,70,oscillating,90,2.0,1,7.0
50,0.1,71,oscillating,471,2.0,1,1.0
50,0.1,72,oscillating,266,2.0,1,3.0
50,0.1,73,oscillating,475,2.0,1,2.0
50,0.1,74,oscillating,60,2.0,1,0.0
50,0.1,75,oscillating,64,2.0,1,1.0
50,0.1,76,oscillating,103,2.0,1,1.0
50,0.1,77,still,89,,1,1.0
50,0.1,78,oscillating,312,2.0,1,1.0
50,0.1,79,oscillating,333,2.0,1,3.0
50,0.1,80,oscillating,221,2.0,1,1.0
50,0.1,81,oscillating,32,2.0,1,17.0
50,0.1,82,oscillating,105,2.0,1,1.0
50,0.1,83,oscillating,147,2.0,1,2.0
50,0.1,84,oscillating,14,2.0,1,2.0
50,0.1,85,oscillating,68,2.0,1,1.0
50,0.1,86,oscillating,129,2.0,1,2.0
50,0.1,87,oscillating,130,2.0,1,13.0
50,0.1,88,oscillating,150,6.0,1,1.0
50,0.1,89,oscillating,66,2.0,1,3.0
50,0.1,90,oscillating,116,2.0,1,2.0
50,0.1,91,oscillating,136,2.0,1,0.0
50,0.1,92,oscillating,117,2.0,1,3.0
50,0.1,93,oscillating,441,2.0,1,0.0
50,0.1,94,oscillating,32,6.0,1,3.0
50,0.1,95,still,49,,1,1.0
50,0.1,96,oscillating,23,2.0,1,4.0
50,0.1,97,oscillating,394,2.0,1,0.0
50,0.1,98,active_end,500,,1,3.0
50,0.1,99,still,150,,1,1.0
50,0.1,100,oscillating,110,2.0,1,0.0
50,0.1,101,oscillating,143,2.0,1,3.0
50,0.1,102,oscillating,224,2.0,1,1.0
50,0.1,103,oscillating,466,2.0,1,2.0
50,0.1,104,active_end,500,,1,2.0
50,0.1,105,oscillating,59,2.0,1,1.0
50,0.1,106,oscillating,103,2.0,1,2.0
50,0.1,107,oscillating,23,2.0,1,1.0
50,0.1,108,active_end,500,,1,3.0
50,0.1,109,oscillating,31,2.0,1,0.0
50,0.1,110,active_end,500,,1,0.0
50,0.1,111,oscillating,23,2.0,1,2.0
50,0.1,112,oscillating,53,2.0,1,1.0
50,0.1,113,active_end,500,,1,1.0
50,0.1,114,oscillating,340,2.0,1,0.0
50,0.1,115,oscillating,396,2.0,1,0.0
50,0.1,116,oscillating,231,2.0,1,3.0
50,0.1,117,active_end,500,,1,1.0
50,0.1,118,oscillating,181,2.0,1,2.0
50,0.1,119,oscillating,51,2.0,1,0.0
50,0.1,120,active_end,500,,1,1.0
50,0.1,121,oscillating,95,2.0,1,2.0
50,0.1,122,oscillating,129,2.0,1,3.0
50,0.1,123,oscillating,125,2.0,1,1.0
50,0.1,124,oscillating,114,6.0,1,1.0
50,0.1,125,oscillating,184,2.0,1,2.0
50,0.1,126,active_end,500,,1,3.0
50,0.1,127,oscillating,221,2.0,1,1.0
50,0.1,128,oscillating,229,2.0,1,1.0
50,0.1,129,oscillating,98,2.0,1,1.0
50,0.1,130,oscillating,443,2.0,1,1.0
50,0.1,131,oscillating,73,2.0,1,0.0
50,0.1,132,active_end,500,,1,1.0
50,0.1,133,active_end,500,,1,1.0
50,0.1,134,oscillating,423,6.0,1,1.0
50,0.1,135,oscillating,124,6.0,1,4.0
50,0.1,136,oscillating,300,2.0,1,6.0
50,0.1,137,oscillating,23,2.0,1,1.0
50,0.1,138,oscillating,22,2.0,1,8.0
50,0.1,139,oscillating,228,2.0,1,1.0
50,0.1,140,active_end,500,,1,1.0
50,0.1,141,oscillating,162,2.0,1,6.0
50,0.1,142,oscillating,199,2.0,1,2.0
50,0.1,143,oscillating,192,2.0,1,2.0
50,0.1,144,still,43,,1,3.0
50,0.1,145,oscillating,121,2.0,1,1.0
50,0.1,146,oscillating,161,2.0,1,0.0
50,0.1,147,still,391,,1,1.0
50,0.1,148,still,8,,1,3.0
50,0.1,149,oscillating,412,2.0,1,2.0
50,0.1,150,oscillating,214,2.0,1,1.0
50,0.1,151,oscillating,484,2.0,1,0.0
50,0.1,152,active_end,500,,1,5.0
50,0.1,153,oscillating,154,2.0,1,1.0
50,0.1,154,oscillating,118,2.0,1,2.0
50,0.1,155,oscillating,15,2.0,1,2.0
50,0.1,156,active_end,500,,1,1.0
50,0.1,157,oscillating,163,6.0,1,3.0
50,0.1,158,oscillating,252,2.0,1,7.0
50,0.1,159,active_end,500,,1,0.0
50,0.1,160,oscillating,133,2.0,1,11.0
50,0.1,161,oscillating,396,2.0,1,2.0
50,0.1,162,oscillating,50,2.0,1,1.0
50,0.1,163,oscillating,78,2.0,1,1.0
50,0.1,164,still,24,,1,2.0
50,0.1,165,oscillating,58,2.0,1,9.0
50,0.1,166,oscillating,466,2.0,1,2.0
50,0.1,167,oscillating,345,2.0,1,1.0
50,0.1,168,oscillating,318,2.0,1,1.0
50,0.1,169,oscillating,98,2.0,1,5.0
50,0.1,170,still,185,,1,4.0
50,0.1,171,oscillating,459,2.0,1,1.0
50,0.1,172,oscillating,68,2.0,1,1.0
50,0.1,173,oscillating,72,6.0,1,1.0
50,0.1,174,oscillating,144,2.0,1,5.0
50,0.1,175,oscillating,384,2.0,1,2.0
50,0.1,176,still,138,,1,5.0
50,0.1,177,oscillating,26,2.0,1,10.0
50,0.1,178,oscillating,155,2.0,1,15.0
50,0.1,179,still,69,,1,2.0
50,0.1,180,oscillating,195,2.0,1,2.0
50,0.1,181,oscillating,391,2.0,1,1.0
50,0.1,182,oscillating,66,2.0,1,8.0
50,0.1,183,oscillating,452,2.0,1,2.0
50,0.1,184,oscillating,204,2.0,1,0.0
50,0.1,185,oscillating,75,2.0,1,1.0
50,0.1,186,oscillating,307,6.0,1,0.0
50,0.1,187,active_end,500,,1,2.0
50,0.1,188,oscillating,489,6.0,1,3.0
50,0.1,189,oscillating,372,2.0,1,3.0
50,0.1,190,oscillating,51,2.0,1,3.0
50,0.1,191,oscillating,170,2.0,1,0.0
50,0.1,192,oscillating,414,2.0,1,0.0
50,0.1,193,oscillating,174,2.0,1,2.0
50,0.1,194,oscillating,44,6.0,1,1.0
50,0.1,195,oscillating,113,2.0,1,3.0
50,0.1,196,oscillating,317,2.0,1,1.0
50,0.1,197,oscillating,31,2.0,1,1.0
50,0.1,198,oscillating,76,2.0,1,1.0
50,0.1,199,oscillating,128,2.0,1,6.0
50,0.2,0,oscillating,353,6.0,1,0.0
50,0.2,1,oscillating,395,2.0,1,0.0
50,0.2,2,active_end,500,,1,0.0
50,0.2,3,oscillating,173,2.0,1,0.0
50,0.2,4,oscillating,467,2.0,1,0.0
50,0.2,5,oscillating,230,2.0,1,0.0
50,0.2,6,oscillating,328,2.0,1,0.0
50,0.2,7,active_end,500,,1,0.0
50,0.2,8,oscillating,227,2.0,1,0.0
50,0.2,9,active_end,500,,1,0.0
50,0.2,10,active_end,500,,1,0.0
50,0.2,11,oscillating,274,2.0,1,0.0
50,0.2,12,oscillating,138,2.0,1,0.0
50,0.2,13,oscillating,234,2.0,1,0.0
50,0.2,14,oscillating,492,2.0,1,0.0
50,0.2,15,oscillating,496,2.0,1,0.0
50,0.2,16,oscillating,247,2.0,1,0.0
50,0.2,17,oscillating,189,2.0,1,0.0
50,0.2,18,oscillating,210,2.0,1,0.0
50,0.2,19,oscillating,404,2.0,1,0.0
50,0.2,20,oscillating,401,2.0,1,0.0
50,0.2,21,active_end,500,,1,0.0
50,0.2,22,active_end,500,,1,0.0
50,0.2,23,oscillating,350,2.0,1,0.0
50,0.2,24,active_end,500,,1,0.0
50,0.2,25,oscillating,318,2.0,1,0.0
50,0.2,26,oscillating,141,6.0,1,0.0
50,0.2,27,oscillating,365,2.0,1,0.0
50,0.2,28,active_end,500,,1,0.0
50,0.2,29,oscillating,179,2.0,1,0.0
50,0.2,30,oscillating,361,2.0,1,0.0
50,0.2,31,oscillating,417,2.0,1,0.0
50,0.2,32,active_end,500,,1,0.0
50,0.2,33,oscillating,319,2.0,1,0.0
50,0.2,34,active_end,500,,1,0.0
50,0.2,35,oscillating,335,2.0,1,0.0
50,0.2,36,oscillating,235,2.0,1,0.0
50,0.2,37,active_end,500,,1,0.0
50,0.2,38,active_end,500,,1,0.0
50,0.2,39,oscillating,358,2.0,1,0.0
50,0.2,40,oscillating,314,2.0,1,0.0
50,0.2,41,active_end,500,,1,0.0
50,0.2,42,oscillating,360,2.0,1,0.0
50,0.2,43,oscillating,140,2.0,1,0.0
50,0.2,44,oscillating,418,2.0,1,0.0
50,0.2,45,oscillating,433,2.0,1,0.0
50,0.2,46,oscillating,425,2.0,1,0.0
50,0.2,47,oscillating,295,2.0,1,0.0
50,0.2,48,active_end,500,,1,0.0
50,0.2,49,oscillating,500,2.0,1,0.0
50,0.2,50,oscillating,401,2.0,1,0.0
50,0.2,51,active_end,500,,1,0.0
50,0.2,52,active_end,500,,1,0.0
50,0.2,53,oscillating,247,2.0,1,0.0
50,0.2,54,oscillating,242,2.0,1,0.0
50,0.2,55,oscillating,204,2.0,1,0.0
50,0.2,56,oscillating,321,6.0,1,0.0
50,0.2,57,oscillating,248,2.0,1,0.0
50,0.2,58,oscillating,223,2.0,1,0.0
50,0.2,59,oscillating,313,6.0,1,0.0
50,0.2,60,active_end,500,,1,0.0
50,0.2,61,oscillating,248,2.0,1,0.0
50,0.2,62,oscillating,374,2.0,1,0.0
50,0.2,63,oscillating,448,2.0,1,0.0
50,0.2,64,oscillating,251,2.0,1,0.0
50,0.2,65,oscillating,339,2.0,1,0.0
50,0.2,66,active_end,500,,1,0.0
50,0.2,67,oscillating,155,2.0,1,0.0
50,0.2,68,oscillating,396,2.0,1,0.0
50,0.2,69,oscillating,242,2.0,1,0.0
50,0.2,70,oscillating,209,2.0,1,0.0
50,0.2,71,active_end,500,,1,0.0
50,0.2,72,active_end,500,,1,0.0
50,0.2,73,active_end,500,,1,0.0
50,0.2,74,oscillating,190,2.0,1,1.0
50,0.2,75,oscillating,369,2.0,1,0.0
50,0.2,76,oscillating,449,2.0,1,0.0
50,0.2,77,oscillating,414,6.0,1,0.0
50,0.2,78,active_end,500,,1,0.0
50,0.2,79,oscillating,433,2.0,1,1.0
50,0.2,80,oscillating,300,6.0,1,0.0
50,0.2,81,oscillating,381,2.0,1,0.0
50,0.2,82,active_end,500,,1,0.0
50,0.2,83,oscillating,232,6.0,1,0.0
50,0.2,84,oscillating,298,6.0,1,0.0
50,0.2,85,oscillating,454,2.0,1,0.0
50,0.2,86,oscillating,219,2.0,1,0.0
50,0.2,87,oscillating,458,2.0,1,0.0
50,0.2,88,oscillating,335,2.0,1,0.0
50,0.2,89,oscillating,272,2.0,1,0.0
50,0.2,90,oscillating,239,2.0,1,0.0
50,0.2,91,active_end,500,,1,0.0
50,0.2,92,active_end,500,,1,0.0
50,0.2,93,active_end,500,,1,0.0
50,0.2,94,oscillating,375,2.0,1,0.0
50,0.2,95,oscillating,270,2.0,1,0.0
50,0.2,96,oscillating,465,2.0,1,0.0
50,0.2,97,oscillating,171,2.0,1,0.0
50,0.2,98,oscillating,240,2.0,1,0.0
50,0.2,99,oscillating,333,2.0,1,0.0
50,0.2,100,oscillating,314,2.0,1,0.0
50,0.2,101,still,223,,1,0.0
50,0.2,102,oscillating,212,2.0,1,0.0
50,0.2,103,oscillating,355,2.0,1,0.0
50,0.2,104,active_end,500,,1,0.0
50,0.2,105,active_end,500,,1,0.0
50,0.2,106,oscillating,383,2.0,1,0.0
50,0.2,107,oscillating,172,2.0,1,0.0
50,0.2,108,active_end,500,,1,0.0
50,0.2,109,active_end,500,,1,0.0
50,0.2,110,oscillating,297,6.0,1,0.0
50,0.2,111,oscillating,288,2.0,1,0.0
50,0.2,112,oscillating,335,2.0,1,0.0
50,0.2,113,oscillating,149,2.0,1,0.0
50,0.2,114,oscillating,452,2.0,1,0.0
50,0.2,115,oscillating,360,2.0,1,0.0
50,0.2,116,oscillating,268,2.0,1,0.0
50,0.2,117,oscillating,391,2.0,1,0.0
50,0.2,118,oscillating,301,2.0,1,0.0
50,0.2,119,oscillating,308,2.0,1,1.0
50,0.2,120,oscillating,284,2.0,1,0.0
50,0.2,121,oscillating,170,2.0,1,0.0
50,0.2,122,oscillating,219,2.0,1,0.0
50,0.2,123,oscillating,500,2.0,1,0.0
50,0.2,124,oscillating,477,2.0,1,0.0
50,0.2,125,active_end,500,,1,0.0
50,0.2,126,active_end,500,,1,0.0
50,0.2,127,oscillating,434,2.0,1,0.0
50,0.2,128,oscillating,325,2.0,1,0.0
50,0.2,129,oscillating,270,2.0,1,0.0
50,0.2,130,active_end,500,,1,0.0
50,0.2,131,oscillating,256,2.0,1,0.0
50,0.2,132,oscillating,403,2.0,1,0.0
50,0.2,133,oscillating,300,2.0,1,0.0
50,0.2,134,oscillating,292,2.0,1,0.0
50,0.2,135,oscillating,340,2.0,1,0.0
50,0.2,136,oscillating,409,6.0,1,0.0
50,0.2,137,active_end,500,,1,0.0
50,0.2,138,oscillating,376,2.0,1,0.0
50,0.2,139,oscillating,401,2.0,1,0.0
50,0.2,140,active_end,500,,1,0.0
50,0.2,141,oscillating,155,2.0,1,0.0
50,0.2,142,oscillating,141,2.0,1,0.0
50,0.2,143,oscillating,329,2.0,1,0.0
50,0.2,144,oscillating,462,2.0,1,1.0
50,0.2,145,active_end,500,,1,0.0
50,0.2,146,active_end,500,,1,0.0
50,0.2,147,oscillating,290,2.0,1,0.0
50,0.2,148,oscillating,354,2.0,1,0.0
50,0.2,149,active_end,500,,1,0.0
50,0.2,150,active_end,500,,1,0.0
50,0.2,151,oscillating,210,2.0,1,0.0
50,0.2,152,active_end,500,,1,0.0
50,0.2,153,oscillating,209,2.0,1,0.0
50,0.2,154,active_end,500,,1,0.0
50,0.2,155,active_end,500,,1,0.0
50,0.2,156,oscillating,242,2.0,1,0.0
50,0.2,157,oscillating,180,6.0,1,0.0
50,0.2,158,oscillating,155,2.0,1,0.0
50,0.2,159,active_end,500,,1,0.0
50,0.2,160,oscillating,251,2.0,1,0.0
50,0.2,161,oscillating,340,2.0,1,0.0
50,0.2,162,oscillating,285,2.0,1,0.0
50,0.2,163,oscillating,227,2.0,1,0.0
50,0.2,164,active_end,500,,1,0.0
50,0.2,165,oscillating,327,2.0,1,0.0
50,0.2,166,active_end,500,,1,0.0
50,0.2,167,oscillating,292,2.0,1,0.0
50,0.2,168,active_end,500,,1,0.0
50,0.2,169,oscillating,192,2.0,1,0.0
50,0.2,170,active_end,500,,1,0.0
50,0.2,171,active_end,500,,1,0.0
50,0.2,172,oscillating,270,2.0,1,0.0
50,0.2,173,oscillating,240,2.0,1,0.0
50,0.2,174,oscillating,407,2.0,1,0.0
50,0.2,175,active_end,500,,1,0.0
50,0.2,176,oscillating,228,2.0,1,0.0
50,0.2,177,oscillating,414,2.0,1,0.0
50,0.2,178,oscillating,274,2.0,1,0.0
50,0.2,179,oscillating,326,2.0,1,0.0
50,0.2,180,oscillating,159,2.0,1,0.0
50,0.2,181,oscillating,418,2.0,1,0.0
50,0.2,182,oscillating,337,2.0,1,0.0
50,0.2,183,oscillating,354,2.0,1,0.0
50,0.2,184,oscillating,333,2.0,1,0.0
50,0.2,185,oscillating,406,2.0,1,0.0
50,0.2,186,oscillating,449,2.0,1,0.0
50,0.2,187,oscillating,291,2.0,1,0.0
50,0.2,188,active_end,500,,1,0.0
50,0.2,189,oscillating,387,2.0,1,0.0
50,0.2,190,oscillating,426,2.0,1,0.0
50,0.2,191,oscillating,452,2.0,1,0.0
50,0.2,192,oscillating,390,2.0,1,0.0
50,0.2,193,oscillating,304,2.0,1,0.0
50,0.2,194,active_end,500,,1,0.0
50,0.2,195,active_end,500,,1,0.0
50,0.2,196,oscillating,486,2.0,1,0.0
50,0.2,197,oscillating,164,2.0,1,0.0
50,0.2,198,oscillating,419,2.0,1,0.0
50,0.2,199,oscillating,494,6.0,1,0.0
50,0.3,0,oscillating,365,2.0,1,0.0
50,0.3,1,oscillating,362,2.0,1,0.0
50,0.3,2,oscillating,152,2.0,1,0.0
50,0.3,3,oscillating,430,2.0,1,0.0
50,0.3,4,active_end,500,,1,0.0
50,0.3,5,oscillating,319,2.0,1,0.0
50,0.3,6,oscillating,357,2.0,1,0.0
50,0.3,7,oscillating,205,2.0,1,0.0
50,0.3,8,oscillating,494,2.0,1,0.0
50,0.3,9,active_end,500,,1,0.0
50,0.3,10,oscillating,274,2.0,1,0.0
50,0.3,11,oscillating,268,2.0,1,0.0
50,0.3,12,active_end,500,,1,0.0
50,0.3,13,active_end,500,,1,0.0
50,0.3,14,oscillating,269,2.0,1,0.0
50,0.3,15,active_end,500,,1,0.0
50,0.3,16,active_end,500,,1,0.0
50,0.3,17,active_end,500,,1,0.0
50,0.3,18,active_end,500,,1,0.0
50,0.3,19,active_end,500,,1,0.0
50,0.3,20,active_end,500,,1,0.0
50,0.3,21,oscillating,387,2.0,1,0.0
50,0.3,22,oscillating,201,2.0,1,0.0
50,0.3,23,oscillating,150,2.0,1,0.0
50,0.3,24,oscillating,415,2.0,1,0.0
50,0.3,25,active_end,500,,1,0.0
50,0.3,26,active_end,500,,1,0.0
50,0.3,27,active_end,500,,1,0.0
50,0.3,28,active_end,500,,1,0.0
50,0.3,29,oscillating,380,2.0,1,0.0
50,0.3,30,oscillating,363,2.0,1,0.0
50,0.3,31,oscillating,400,2.0,1,0.0
50,0.3,32,oscillating,324,6.0,1,0.0
50,0.3,33,active_end,500,,1,0.0
50,0.3,34,active_end,500,,1,0.0
50,0.3,35,active_end,500,,1,0.0
50,0.3,36,oscillating,426,6.0,1,0.0
50,0.3,37,oscillating,121,2.0,1,0.0
50,0.3,38,active_end,500,,1,0.0
50,0.3,39,active_end,500,,1,0.0
50,0.3,40,active_end,500,,1,0.0
50,0.3,41,active_end,500,,1,0.0
50,0.3,42,oscillating,297,2.0,1,0.0
50,0.3,43,active_end,500,,1,0.0
50,0.3,44,active_end,500,,1,0.0
50,0.3,45,active_end,500,,1,0.0
50,0.3,46,oscillating,395,2.0,1,0.0
50,0.3,47,active_end,500,,1,0.0
50,0.3,48,oscillating,442,2.0,1,0.0
50,0.3,49,oscillating,359,2.0,1,0.0
50,0.3,50,oscillating,337,2.0,1,0.0
50,0.3,51,active_end,500,,1,0.0
50,0.3,52,oscillating,292,2.0,1,0.0
50,0.3,53,oscillating,354,2.0,1,0.0
50,0.3,54,oscillating,500,2.0,1,0.0
50,0.3,55,oscillating,309,2.0,1,0.0
50,0.3,56,active_end,500,,1,0.0
50,0.3,57,oscillating,297,2.0,1,0.0
50,0.3,58,oscillating,418,2.0,1,0.0
50,0.3,59,oscillating,472,2.0,1,0.0
50,0.3,60,oscillating,344,2.0,1,0.0
50,0.3,61,oscillating,225,2.0,1,0.0
50,0.3,62,oscillating,418,2.0,1,0.0
50,0.3,63,oscillating,317,2.0,1,0.0
50,0.3,64,oscillating,362,2.0,1,0.0
50,0.3,65,active_end,500,,1,0.0
50,0.3,66,oscillating,441,2.0,1,0.0
50,0.3,67,oscillating,147,2.0,1,0.0
50,0.3,68,oscillating,189,2.0,1,0.0
50,0.3,69,active_end,500,,1,0.0
50,0.3,70,active_end,500,,1,0.0
50,0.3,71,oscillating,144,6.0,1,0.0
50,0.3,72,oscillating,228,2.0,1,0.0
50,0.3,73,active_end,500,,1,0.0
50,0.3,74,oscillating,266,2.0,1,0.0
50,0.3,75,oscillating,179,6.0,1,0.0
50,0.3,76,oscillating,163,2.0,1,0.0
50,0.3,77,oscillating,292,2.0,1,0.0
50,0.3,78,still,259,,1,0.0
50,0.3,79,oscillating,310,2.0,1,0.0
50,0.3,80,oscillating,299,2.0,1,0.0
50,0.3,81,active_end,500,,1,0.0
50,0.3,82,oscillating,472,2.0,1,0.0
50,0.3,83,oscillating,222,2.0,1,0.0
50,0.3,84,oscillating,339,2.0,1,0.0
50,0.3,85,oscillating,355,2.0,1,0.0
50,0.3,86,oscillating,480,2.0,1,0.0
50,0.3,87,oscillating,371,2.0,1,0.0
50,0.3,88,oscillating,444,2.0,1,0.0
50,0.3,89,oscillating,226,2.0,1,0.0
50,0.3,90,oscillating,150,2.0,1,0.0
50,0.3,91,oscillating,221,2.0,1,0.0
50,0.3,92,oscillating,456,2.0,1,0.0
50,0.3,93,active_end,500,,1,0.0
50,0.3,94,active_end,500,,1,0.0
50,0.3,95,oscillating,433,2.0,1,0.0
50,0.3,96,oscillating,249,2.0,1,0.0
50,0.3,97,active_end,500,,1,0.0
50,0.3,98,active_end,500,,1,0.0
50,0.3,99,oscillating,320,2.0,1,0.0
50,0.3,100,oscillating,464,2.0,1,0.0
50,0.3,101,active_end,500,,1,0.0
50,0.3,102,oscillating,462,2.0,1,0.0
50,0.3,103,oscillating,388,2.0,1,0.0
50,0.3,104,active_end,500,,1,0.0
50,0.3,105,oscillating,297,2.0,1,0.0
50,0.3,106,active_end,500,,1,0.0
50,0.3,107,oscillating,261,2.0,1,0.0
50,0.3,108,active_end,500,,1,0.0
50,0.3,109,oscillating,385,2.0,1,0.0
50,0.3,110,oscillating,496,2.0,1,0.0
50,0.3,111,active_end,500,,1,0.0
50,0.3,112,active_end,500,,1,0.0
50,0.3,113,active_end,500,,1,0.0
50,0.3,114,oscillating,331,2.0,1,0.0
50,0.3,115,active_end,500,,1,0.0
50,0.3,116,active_end,500,,1,0.0
50,0.3,117,oscillating,370,2.0,1,0.0
50,0.3,118,active_end,500,,1,0.0
50,0.3,119,oscillating,238,2.0,1,0.0
50,0.3,120,active_end,500,,1,0.0
50,0.3,121,active_end,500,,1,0.0
50,0.3,122,oscillating,401,2.0,1,0.0
50,0.3,123,oscillating,280,2.0,1,0.0
50,0.3,124,oscillating,190,2.0,1,0.0
50,0.3,125,active_end,500,,1,0.0
50,0.3,126,active_end,500,,1,0.0
50,0.3,127,active_end,500,,1,0.0
50,0.3,128,oscillating,312,2.0,1,0.0
50,0.3,129,oscillating,362,2.0,1,0.0
50,0.3,130,oscillating,268,2.0,1,0.0
50,0.3,131,active_end,500,,1,0.0
50,0.3,132,oscillating,349,2.0,1,0.0
50,0.3,133,oscillating,136,2.0,1,0.0
50,0.3,134,oscillating,333,6.0,1,0.0
50,0.3,135,oscillating,474,2.0,1,0.0
50,0.3,136,oscillating,236,2.0,1,0.0
50,0.3,137,oscillating,249,2.0,1,0.0
50,0.3,138,active_end,500,,1,0.0
50,0.3,139,oscillating,172,2.0,1,0.0
50,0.3,140,still,306,,1,0.0
50,0.3,141,oscillating,238,2.0,1,0.0
50,0.3,142,oscillating,325,2.0,1,0.0
50,0.3,143,oscillating,480,2.0,1,0.0
50,0.3,144,oscillating,260,2.0,1,0.0
50,0.3,145,oscillating,471,2.0,1,0.0
50,0.3,146,oscillating,262,2.0,1,0.0
50,0.3,147,oscillating,335,2.0,1,0.0
50,0.3,148,oscillating,297,2.0,1,0.0
50,0.3,149,still,248,,1,0.0
50,0.3,150,active_end,500,,1,0.0
50,0.3,151,oscillating,249,2.0,1,0.0
50,0.3,152,active_end,500,,1,0.0
50,0.3,153,active_end,500,,1,0.0
50,0.3,154,oscillating,305,2.0,1,0.0
50,0.3,155,active_end,500,,1,0.0
50,0.3,156,active_end,500,,1,0.0
50,0.3,157,oscillating,308,2.0,1,0.0
50,0.3,158,active_end,500,,1,0.0
50,0.3,159,active_end,500,,1,0.0
50,0.3,160,oscillating,203,2.0,1,0.0
50,0.3,161,oscillating,359,2.0,1,0.0
50,0.3,162,active_end,500,,1,0.0
50,0.3,163,oscillating,324,2.0,1,0.0
50,0.3,164,active_end,500,,1,0.0
50,0.3,165,oscillating,160,2.0,1,0.0
50,0.3,166,oscillating,319,2.0,1,0.0
50,0.3,167,oscillating,370,2.0,1,0.0
50,0.3,168,oscillating,307,2.0,1,0.0
50,0.3,169,active_end,500,,1,0.0
50,0.3,170,oscillating,451,2.0,1,0.0
50,0.3,171,oscillating,499,2.0,1,0.0
50,0.3,172,active_end,500,,1,0.0
50,0.3,173,active_end,500,,1,0.0
50,0.3,174,oscillating,301,2.0,1,0.0
50,0.3,175,active_end,500,,1,0.0
50,0.3,176,active_end,500,,1,0.0
50,0.3,177,oscillating,411,2.0,1,0.0
50,0.3,178,oscillating,387,2.0,1,0.0
50,0.3,179,oscillating,357,2.0,1,0.0
50,0.3,180,oscillating,448,2.0,1,0.0
50,0.3,181,active_end,500,,1,0.0
50,0.3,182,oscillating,318,2.0,1,0.0
50,0.3,183,oscillating,367,6.0,1,0.0
50,0.3,184,active_end,500,,1,0.0
50,0.3,185,oscillating,262,2.0,1,0.0
50,0.3,186,oscillating,403,6.0,1,0.0
50,0.3,187,still,387,,1,0.0
50,0.3,188,oscillating,255,2.0,1,0.0
50,0.3,189,oscillating,210,2.0,1,0.0
50,0.3,190,still,163,,1,0.0
50,0.3,191,oscillating,274,2.0,1,0.0
50,0.3,192,oscillating,441,2.0,1,0.0
50,0.3,193,active_end,500,,1,0.0
50,0.3,194,active_end,500,,1,0.0
50,0.3,195,active_end,500,,1,0.0
50,0.3,196,oscillating,315,2.0,1,0.0
50,0.3,197,oscillating,344,6.0,1,0.0
50,0.3,198,oscillating,432,2.0,1,0.0
50,0.3,199,active_end,500,,1,0.0
50,0.4,0,active_end,500,,1,0.0
50,0.4,1,oscillating,134,2.0,1,0.0
50,0.4,2,oscillating,348,2.0,1,0.0
50,0.4,3,oscillating,484,2.0,1,0.0
50,0.4,4,oscillating,254,2.0,1,0.0
50,0.4,5,oscillating,380,2.0,1,0.0
50,0.4,6,oscillating,235,2.0,1,0.0
50,0.4,7,oscillating,274,2.0,1,0.0
50,0.4,8,active_end,500,,1,0.0
50,0.4,9,oscillating,199,2.0,1,0.0
50,0.4,10,oscillating,489,2.0,1,0.0
50,0.4,11,active_end,500,,1,0.0
50,0.4,12,oscillating,470,2.0,1,0.0
50,0.4,13,oscillating,212,2.0,1,0.0
50,0.4,14,active_end,500,,1,0.0
50,0.4,15,oscillating,283,2.0,1,0.0
50,0.4,16,active_end,500,,1,0.0
50,0.4,17,still,337,,1,0.0
50,0.4,18,active_end,500,,1,0.0
50,0.4,19,oscillating,170,2.0,1,0.0
50,0.4,20,oscillating,170,2.0,1,0.0
50,0.4,21,oscillating,114,2.0,1,0.0
50,0.4,22,oscillating,125,2.0,1,0.0
50,0.4,23,active_end,500,,1,0.0
50,0.4,24,oscillating,241,2.0,1,0.0
50,0.4,25,oscillating,331,2.0,1,0.0
50,0.4,26,oscillating,193,2.0,1,0.0
50,0.4,27,active_end,500,,1,0.0
50,0.4,28,oscillating,159,2.0,1,0.0
50,0.4,29,oscillating,344,2.0,1,0.0
50,0.4,30,oscillating,394,2.0,1,0.0
50,0.4,31,oscillating,208,2.0,1,0.0
50,0.4,32,active_end,500,,1,0.0
50,0.4,33,oscillating,486,2.0,1,0.0
50,0.4,34,still,344,,1,0.0
50,0.4,35,oscillating,254,2.0,1,0.0
50,0.4,36,oscillating,341,2.0,1,0.0
50,0.4,37,active_end,500,,1,0.0
50,0.4,38,oscillating,119,2.0,1,0.0
50,0.4,39,oscillating,165,2.0,1,0.0
50,0.4,40,oscillating,441,2.0,1,0.0
50,0.4,41,oscillating,248,2.0,1,0.0
50,0.4,42,oscillating,298,2.0,1,0.0
50,0.4,43,active_end,500,,1,0.0
50,0.4,44,oscillating,304,2.0,1,0.0
50,0.4,45,oscillating,272,2.0,1,0.0
50,0.4,46,active_end,500,,1,0.0
50,0.4,47,oscillating,259,2.0,1,0.0
50,0.4,48,active_end,500,,1,0.0
50,0.4,49,active_end,500,,1,0.0
50,0.4,50,active_end,500,,1,0.0
50,0.4,51,active_end,500,,1,0.0
50,0.4,52,oscillating,207,2.0,1,0.0
50,0.4,53,oscillating,353,2.0,1,0.0
50,0.4,54,oscillating,316,2.0,1,0.0
50,0.4,55,oscillating,377,2.0,1,0.0
50,0.4,56,active_end,500,,1,0.0
50,0.4,57,oscillating,472,2.0,1,0.0
50,0.4,58,active_end,500,,1,0.0
50,0.4,59,active_end,500,,1,0.0
50,0.4,60,active_end,500,,1,0.0
50,0.4,61,oscillating,167,2.0,1,0.0
50,0.4,62,oscillating,370,2.0,1,0.0
50,0.4,63,active_end,500,,1,0.0
50,0.4,64,active_end,500,,1,0.0
50,0.4,65,still,350,,1,0.0
50,0.4,66,active_end,500,,1,0.0
50,0.4,67,oscillating,334,2.0,1,0.0
50,0.4,68,active_end,500,,1,0.0
50,0.4,69,oscillating,392,2.0,1,0.0
50,0.4,70,oscillating,330,2.0,1,0.0
50,0.4,71,active_end,500,,1,0.0
50,0.4,72,oscillating,329,2.0,1,0.0
50,0.4,73,oscillating,227,2.0,1,0.0
50,0.4,74,oscillating,146,2.0,1,0.0
50,0.4,75,active_end,500,,1,0.0
50,0.4,76,oscillating,174,6.0,1,0.0
50,0.4,77,active_end,500,,1,0.0
50,0.4,78,oscillating,259,2.0,1,0.0
50,0.4,79,active_end,500,,1,0.0
50,0.4,80,oscillating,399,2.0,1,0.0
50,0.4,81,active_end,500,,1,0.0
50,0.4,82,oscillating,485,2.0,1,0.0
50,0.4,83,oscillating,373,2.0,1,0.0
50,0.4,84,active_end,500,,1,0.0
50,0.4,85,oscillating,365,2.0,1,0.0
50,0.4,86,active_end,500,,1,0.0
50,0.4,87,oscillating,394,2.0,1,0.0
50,0.4,88,oscillating,211,2.0,1,0.0
50,0.4,89,active_end,500,,1,0.0
50,0.4,90,oscillating,394,2.0,1,0.0
50,0.4,91,oscillating,269,2.0,1,0.0
50,0.4,92,oscillating,312,6.0,1,0.0
50,0.4,93,active_end,500,,1,0.0
50,0.4,94,active_end,500,,1,0.0
50,0.4,95,oscillating,266,2.0,1,0.0
50,0.4,96,active_end,500,,1,0.0
50,0.4,97,active_end,500,,1,0.0
50,0.4,98,oscillating,302,6.0,1,0.0
50,0.4,99,oscillating,319,2.0,1,0.0
50,0.4,100,oscillating,475,2.0,1,0.0
50,0.4,101,oscillating,487,2.0,1,0.0
50,0.4,102,oscillating,240,2.0,1,0.0
50,0.4,103,oscillating,484,2.0,1,0.0
50,0.4,104,oscillating,334,2.0,1,0.0
50,0.4,105,active_end,500,,1,0.0
50,0.4,106,oscillating,448,2.0,1,0.0
50,0.4,107,oscillating,395,2.0,1,0.0
50,0.4,108,oscillating,313,2.0,1,0.0
50,0.4,109,oscillating,373,2.0,1,0.0
50,0.4,110,active_end,500,,1,0.0
50,0.4,111,active_end,500,,1,0.0
50,0.4,112,oscillating,288,2.0,1,0.0
50,0.4,113,oscillating,188,6.0,1,0.0
50,0.4,114,active_end,500,,1,0.0
50,0.4,115,oscillating,465,2.0,1,0.0
50,0.4,116,oscillating,341,2.0,1,0.0
50,0.4,117,oscillating,267,2.0,1,0.0
50,0.4,118,oscillating,156,2.0,1,0.0
50,0.4,119,oscillating,354,2.0,1,0.0
50,0.4,120,active_end,500,,1,0.0
50,0.4,121,oscillating,215,6.0,1,0.0
50,0.4,122,oscillating,378,2.0,1,0.0
50,0.4,123,oscillating,180,2.0,1,0.0
50,0.4,124,oscillating,493,6.0,1,0.0
50,0.4,125,oscillating,233,2.0,1,0.0
50,0.4,126,oscillating,405,2.0,1,0.0
50,0.4,127,oscillating,121,2.0,1,0.0
50,0.4,128,active_end,500,,1,0.0
50,0.4,129,oscillating,256,2.0,1,0.0
50,0.4,130,oscillating,163,2.0,1,0.0
50,0.4,131,oscillating,216,2.0,1,0.0
50,0.4,132,active_end,500,,1,0.0
50,0.4,133,active_end,500,,1,0.0
50,0.4,134,oscillating,163,2.0,1,0.0
50,0.4,135,oscillating,403,2.0,1,0.0
50,0.4,136,oscillating,276,2.0,1,0.0
50,0.4,137,oscillating,338,2.0,1,0.0
50,0.4,138,oscillating,147,2.0,1,0.0
50,0.4,139,oscillating,293,2.0,1,0.0
50,0.4,140,active_end,500,,1,0.0
50,0.4,141,oscillating,131,2.0,1,0.0
50,0.4,142,oscillating,414,2.0,1,0.0
50,0.4,143,oscillating,205,6.0,1,0.0
50,0.4,144,oscillating,438,2.0,1,0.0
50,0.4,145,oscillating,320,2.0,1,0.0
50,0.4,146,active_end,500,,1,0.0
50,0.4,147,active_end,500,,1,0.0
50,0.4,148,oscillating,489,2.0,1,0.0
50,0.4,149,active_end,500,,1,0.0
50,0.4,150,oscillating,339,2.0,1,0.0
50,0.4,151,oscillating,337,6.0,1,0.0
50,0.4,152,active_end,500,,1,0.0
50,0.4,153,oscillating,269,2.0,1,0.0
50,0.4,154,active_end,500,,1,0.0
50,0.4,155,active_end,500,,1,0.0
50,0.4,156,active_end,500,,1,0.0
50,0.4,157,oscillating,455,2.0,1,0.0
50,0.4,158,oscillating,475,2.0,1,0.0
50,0.4,159,oscillating,233,2.0,1,0.0
50,0.4,160,oscillating,232,2.0,1,0.0
50,0.4,161,still,193,,1,0.0
50,0.4,162,oscillating,299,2.0,1,0.0
50,0.4,163,oscillating,455,2.0,1,0.0
50,0.4,164,oscillating,383,2.0,1,0.0
50,0.4,165,oscillating,155,2.0,1,0.0
50,0.4,166,oscillating,264,2.0,1,0.0
50,0.4,167,oscillating,302,2.0,1,0.0
50,0.4,168,active_end,500,,1,0.0
50,0.4,169,oscillating,270,2.0,1,0.0
50,0.4,170,oscillating,346,2.0,1,0.0
50,0.4,171,oscillating,148,2.0,1,0.0
50,0.4,172,active_end,500,,1,0.0
50,0.4,173,active_end,500,,1,0.0
50,0.4,174,oscillating,393,2.0,1,0.0
50,0.4,175,oscillating,303,2.0,1,0.0
50,0.4,176,oscillating,288,2.0,1,0.0
50,0.4,177,oscillating,455,2.0,1,0.0
50,0.4,178,active_end,500,,1,0.0
50,0.4,179,active_end,500,,1,0.0
50,0.4,180,oscillating,234,2.0,1,0.0
50,0.4,181,oscillating,168,2.0,1,0.0
50,0.4,182,oscillating,232,2.0,1,0.0
50,0.4,183,oscillating,438,2.0,1,0.0
50,0.4,184,oscillating,127,2.0,1,0.0
50,0.4,185,oscillating,239,2.0,1,0.0
50,0.4,186,oscillating,204,2.0,1,0.0
50,0.4,187,oscillating,473,2.0,1,0.0
50,0.4,188,oscillating,229,6.0,1,0.0
50,0.4,189,oscillating,128,2.0,1,0.0
50,0.4,190,oscillating,332,2.0,1,0.0
50,0.4,191,active_end,500,,1,0.0
50,0.4,192,oscillating,404,2.0,1,0.0
50,0.4,193,active_end,500,,1,0.0
50,0.4,194,oscillating,132,2.0,1,0.0
50,0.4,195,oscillating,188,2.0,1,0.0
50,0.4,196,oscillating,135,2.0,1,0.0
50,0.4,197,active_end,500,,1,0.0
50,0.4,198,oscillating,205,2.0,1,0.0
50,0.4,199,active_end,500,,1,0.0
80,0.1,0,oscillating,445,2.0,1,1.0
80,0.1,1,oscillating,303,2.0,1,0.0
80,0.1,2,active_end,500,,1,0.0
80,0.1,3,active_end,500,,1,0.0
80,0.1,4,active_end,500,,1,1.0
80,0.1,5,oscillating,419,2.0,1,1.0
80,0.1,6,active_end,500,,1,0.0
80,0.1,7,oscillating,178,2.0,1,0.0
80,0.1,8,active_end,500,,1,0.0
80,0.1,9,oscillating,63,2.0,1,0.0
80,0.1,10,active_end,500,,1,0.0
80,0.1,11,oscillating,338,2.0,1,2.0
80,0.1,12,active_end,500,,1,0.0
80,0.1,13,oscillating,264,2.0,1,0.0
80,0.1,14,active_end,500,,1,1.0
80,0.1,15,active_end,500,,1,1.0
80,0.1,16,oscillating,403,2.0,1,0.0
80,0.1,17,oscillating,480,2.0,1,0.0
80,0.1,18,active_end,500,,1,1.0
80,0.1,19,oscillating,426,2.0,1,1.0
80,0.1,20,oscillating,259,2.0,1,0.0
80,0.1,21,oscillating,93,2.0,1,1.0
80,0.1,22,active_end,500,,1,1.0
80,0.1,23,active_end,500,,1,1.0
80,0.1,24,oscillating,432,2.0,1,1.0
80,0.1,25,active_end,500,,1,0.0
80,0.1,26,oscillating,446,6.0,1,1.0
80,0.1,27,active_end,500,,1,0.0
80,0.1,28,active_end,500,,1,1.0
80,0.1,29,oscillating,234,2.0,1,1.0
80,0.1,30,oscillating,85,2.0,1,1.0
80,0.1,31,oscillating,68,2.0,1,1.0
80,0.1,32,active_end,500,,1,1.0
80,0.1,33,oscillating,302,2.0,1,1.0
80,0.1,34,oscillating,220,2.0,1,1.0
80,0.1,35,oscillating,432,2.0,1,0.0
80,0.1,36,active_end,500,,1,1.0
80,0.1,37,active_end,500,,1,0.0
80,0.1,38,oscillating,336,2.0,1,0.0
80,0.1,39,active_end,500,,1,2.0
80,0.1,40,oscillating,77,2.0,1,2.0
80,0.1,41,active_end,500,,1,0.0
80,0.1,42,active_end,500,,1,0.0
80,0.1,43,oscillating,373,2.0,1,1.0
80,0.1,44,oscillating,449,2.0,1,0.0
80,0.1,45,oscillating,220,2.0,1,1.0
80,0.1,46,oscillating,102,6.0,1,3.0
80,0.1,47,active_end,500,,1,0.0
80,0.1,48,oscillating,200,2.0,1,1.0
80,0.1,49,active_end,500,,1,0.0
80,0.1,50,oscillating,274,2.0,1,0.0
80,0.1,51,oscillating,387,2.0,1,1.0
80,0.1,52,oscillating,201,2.0,1,3.0
80,0.1,53,active_end,500,,1,0.0
80,0.1,54,active_end,500,,1,0.0
80,0.1,55,active_end,500,,1,1.0
80,0.1,56,oscillating,121,2.0,1,1.0
80,0.1,57,active_end,500,,1,0.0
80,0.1,58,active_end,500,,1,1.0
80,0.1,59,active_end,500,,1,0.0
80,0.1,60,oscillating,159,2.0,1,0.0
80,0.1,61,active_end,500,,1,0.0
80,0.1,62,active_end,500,,1,1.0
80,0.1,63,oscillating,325,2.0,1,4.0
80,0.1,64,oscillating,70,2.0,1,1.0
80,0.1,65,active_end,500,,1,2.0
80,0.1,66,active_end,500,,1,1.0
80,0.1,67,oscillating,233,6.0,1,2.0
80,0.1,68,active_end,500,,1,1.0
80,0.1,69,oscillating,437,2.0,1,1.0
80,0.1,70,oscillating,77,2.0,1,1.0
80,0.1,71,active_end,500,,1,1.0
80,0.1,72,oscillating,329,2.0,1,1.0
80,0.1,73,active_end,500,,1,0.0
80,0.1,74,active_end,500,,1,1.0
80,0.1,75,oscillating,148,2.0,1,0.0
80,0.1,76,oscillating,416,6.0,1,0.0
80,0.1,77,oscillating,207,2.0,1,0.0
80,0.1,78,active_end,500,,1,1.0
80,0.1,79,oscillating,174,2.0,1,1.0
80,0.1,80,oscillating,102,2.0,1,0.0
80,0.1,81,oscillating,237,2.0,1,1.0
80,0.1,82,active_end,500,,1,0.0
80,0.1,83,active_end,500,,1,0.0
80,0.1,84,active_end,500,,1,1.0
80,0.1,85,oscillating,332,6.0,1,0.0
80,0.1,86,oscillating,375,2.0,1,0.0
80,0.1,87,active_end,500,,1,0.0
80,0.1,88,oscillating,310,2.0,1,0.0
80,0.1,89,active_end,500,,1,1.0
80,0.1,90,oscillating,441,2.0,1,0.0
80,0.1,91,active_end,500,,1,0.0
80,0.1,92,active_end,500,,1,0.0
80,0.1,93,active_end,500,,1,0.0
80,0.1,94,active_end,500,,1,1.0
80,0.1,95,oscillating,139,2.0,1,2.0
80,0.1,96,active_end,500,,1,1.0
80,0.1,97,active_end,500,,1,0.0
80,0.1,98,active_end,500,,1,1.0
80,0.1,99,oscillating,107,2.0,1,0.0
80,0.1,100,oscillating,294,2.0,1,0.0
80,0.1,101,oscillating,490,2.0,1,0.0
80,0.1,102,active_end,500,,1,0.0
80,0.1,103,oscillating,336,2.0,1,0.0
80,0.1,104,active_end,500,,1,4.0
80,0.1,105,active_end,500,,1,1.0
80,0.1,106,active_end,500,,1,0.0
80,0.1,107,oscillating,250,2.0,1,1.0
80,0.1,108,active_end,500,,1,0.0
80,0.1,109,active_end,500,,1,0.0
80,0.1,110,oscillating,355,2.0,1,0.0
80,0.1,111,active_end,500,,1,0.0
80,0.1,112,active_end,500,,1,1.0
80,0.1,113,active_end,500,,1,1.0
80,0.1,114,active_end,500,,1,0.0
80,0.1,115,oscillating,309,2.0,1,2.0
80,0.1,116,active_end,500,,1,0.0
80,0.1,117,active_end,500,,1,1.0
80,0.1,118,active_end,500,,1,0.0
80,0.1,119,oscillating,380,2.0,1,1.0
80,0.1,120,oscillating,234,2.0,1,1.0
80,0.1,121,active_end,500,,1,1.0
80,0.1,122,active_end,500,,1,0.0
80,0.1,123,oscillating,379,2.0,1,1.0
80,0.1,124,active_end,500,,1,1.0
80,0.1,125,oscillating,137,6.0,1,0.0
80,0.1,126,active_end,500,,1,0.0
80,0.1,127,active_end,500,,1,1.0
80,0.1,128,active_end,500,,1,1.0
80,0.1,129,oscillating,330,2.0,1,0.0
80,0.1,130,oscillating,457,6.0,1,1.0
80,0.1,131,active_end,500,,1,1.0
80,0.1,132,oscillating,234,2.0,1,1.0
80,0.1,133,active_end,500,,1,0.0
80,0.1,134,oscillating,290,2.0,1,0.0
80,0.1,135,oscillating,355,2.0,1,2.0
80,0.1,136,oscillating,187,2.0,1,1.0
80,0.1,137,active_end,500,,1,10.0
80,0.1,138,oscillating,319,2.0,1,1.0
80,0.1,139,oscillating,389,2.0,1,1.0
80,0.1,140,oscillating,154,2.0,1,2.0
80,0.1,141,active_end,500,,1,3.0
80,0.1,142,oscillating,404,2.0,1,1.0
80,0.1,143,oscillating,304,2.0,1,1.0
80,0.1,144,active_end,500,,1,0.0
80,0.1,145,active_end,500,,1,1.0
80,0.1,146,oscillating,393,2.0,1,1.0
80,0.1,147,oscillating,385,2.0,1,0.0
80,0.1,148,oscillating,467,2.0,1,1.0
80,0.1,149,active_end,500,,1,1.0
80,0.1,150,oscillating,110,2.0,1,0.0
80,0.1,151,active_end,500,,1,2.0
80,0.1,152,active_end,500,,1,0.0
80,0.1,153,active_end,500,,1,0.0
80,0.1,154,oscillating,179,6.0,1,0.0
80,0.1,155,active_end,500,,1,0.0
80,0.1,156,active_end,500,,1,1.0
80,0.1,157,oscillating,170,6.0,1,0.0
80,0.1,158,oscillating,447,2.0,1,1.0
80,0.1,159,oscillating,34,2.0,1,1.0
80,0.1,160,oscillating,185,2.0,1,1.0
80,0.1,161,active_end,500,,1,1.0
80,0.1,162,active_end,500,,1,0.0
80,0.1,163,active_end,500,,1,1.0
80,0.1,164,oscillating,353,2.0,1,1.0
80,0.1,165,active_end,500,,1,0.0
80,0.1,166,active_end,500,,1,1.0
80,0.1,167,oscillating,290,2.0,1,1.0
80,0.1,168,active_end,500,,1,1.0
80,0.1,169,active_end,500,,1,0.0
80,0.1,170,oscillating,97,2.0,1,1.0
80,0.1,171,oscillating,430,2.0,1,1.0
80,0.1,172,active_end,500,,1,1.0
80,0.1,173,active_end,500,,1,0.0
80,0.1,174,oscillating,355,2.0,1,0.0
80,0.1,175,oscillating,270,2.0,1,0.0
80,0.1,176,active_end,500,,1,1.0
80,0.1,177,active_end,500,,1,1.0
80,0.1,178,oscillating,319,2.0,1,1.0
80,0.1,179,active_end,500,,1,1.0
80,0.1,180,active_end,500,,1,1.0
80,0.1,181,active_end,500,,1,0.0
80,0.1,182,active_end,500,,1,1.0
80,0.1,183,active_end,500,,1,0.0
80,0.1,184,active_end,500,,1,0.0
80,0.1,185,oscillating,260,2.0,1,1.0
80,0.1,186,oscillating,464,2.0,1,0.0
80,0.1,187,active_end,500,,1,1.0
80,0.1,188,oscillating,290,2.0,1,0.0
80,0.1,189,active_end,500,,1,0.0
80,0.1,190,active_end,500,,1,0.0
80,0.1,191,oscillating,168,2.0,1,1.0
80,0.1,192,oscillating,349,2.0,1,0.0
80,0.1,193,oscillating,252,2.0,1,0.0
80,0.1,194,oscillating,324,2.0,1,1.0
80,0.1,195,active_end,500,,1,0.0
80,0.1,196,oscillating,383,6.0,1,1.0
80,0.1,197,oscillating,105,2.0,1,0.0
80,0.1,198,active_end,500,,1,0.0
80,0.1,199,oscillating,459,2.0,1,2.0
80,0.2,0,oscillating,476,2.0,1,0.0
80,0.2,1,active_end,500,,1,0.0
80,0.2,2,active_end,500,,1,0.0
80,0.2,3,active_end,500,,1,0.0
80,0.2,4,oscillating,465,2.0,1,0.0
80,0.2,5,oscillating,495,2.0,1,0.0
80,0.2,6,active_end,500,,1,0.0
80,0.2,7,active_end,500,,1,0.0
80,0.2,8,active_end,500,,1,0.0
80,0.2,9,oscillating,481,2.0,1,0.0
80,0.2,10,active_end,500,,1,0.0
80,0.2,11,active_end,500,,1,0.0
80,0.2,12,active_end,500,,1,0.0
80,0.2,13,oscillating,429,2.0,1,0.0
80,0.2,14,active_end,500,,1,0.0
80,0.2,15,oscillating,352,2.0,1,0.0
80,0.2,16,active_end,500,,1,0.0
80,0.2,17,active_end,500,,1,0.0
80,0.2,18,oscillating,255,2.0,1,0.0
80,0.2,19,oscillating,450,2.0,1,0.0
80,0.2,20,oscillating,454,2.0,1,0.0
80,0.2,21,oscillating,232,2.0,1,0.0
80,0.2,22,oscillating,394,2.0,1,0.0
80,0.2,23,active_end,500,,1,0.0
80,0.2,24,active_end,500,,1,0.0
80,0.2,25,active_end,500,,1,0.0
80,0.2,26,active_end,500,,1,0.0
80,0.2,27,active_end,500,,1,0.0
80,0.2,28,active_end,500,,1,0.0
80,0.2,29,active_end,500,,1,0.0
80,0.2,30,oscillating,399,2.0,1,0.0
80,0.2,31,active_end,500,,1,0.0
80,0.2,32,oscillating,488,2.0,1,0.0
80,0.2,33,oscillating,421,2.0,1,0.0
80,0.2,34,active_end,500,,1,0.0
80,0.2,35,oscillating,381,2.0,1,0.0
80,0.2,36,active_end,500,,1,0.0
80,0.2,37,active_end,500,,1,0.0
80,0.2,38,active_end,500,,1,0.0
80,0.2,39,active_end,500,,1,0.0
80,0.2,40,active_end,500,,1,0.0
80,0.2,41,oscillating,318,2.0,1,0.0
80,0.2,42,active_end,500,,1,0.0
80,0.2,43,active_end,500,,1,0.0
80,0.2,44,active_end,500,,1,0.0
80,0.2,45,active_end,500,,1,0.0
80,0.2,46,active_end,500,,1,0.0
80,0.2,47,active_end,500,,1,0.0
80,0.2,48,active_end,500,,1,0.0
80,0.2,49,active_end,500,,1,0.0
80,0.2,50,active_end,500,,1,0.0
80,0.2,51,active_end,500,,1,0.0
80,0.2,52,active_end,500,,1,0.0
80,0.2,53,oscillating,232,2.0,1,0.0
80,0.2,54,active_end,500,,1,0.0
80,0.2,55,oscillating,343,2.0,1,0.0
80,0.2,56,active_end,500,,1,0.0
80,0.2,57,oscillating,405,2.0,1,0.0
80,0.2,58,active_end,500,,1,0.0
80,0.2,59,oscillating,289,2.0,1,0.0
80,0.2,60,active_end,500,,1,0.0
80,0.2,61,active_end,500,,1,0.0
80,0.2,62,active_end,500,,1,0.0
80,0.2,63,active_end,500,,1,0.0
80,0.2,64,oscillating,321,2.0,1,0.0
80,0.2,65,active_end,500,,1,0.0
80,0.2,66,active_end,500,,1,0.0
80,0.2,67,oscillating,356,2.0,1,0.0
80,0.2,68,active_end,500,,1,0.0
80,0.2,69,active_end,500,,1,0.0
80,0.2,70,active_end,500,,1,0.0
80,0.2,71,active_end,500,,1,0.0
80,0.2,72,active_end,500,,1,0.0
80,0.2,73,active_end,500,,1,0.0
80,0.2,74,oscillating,408,2.0,1,0.0
80,0.2,75,active_end,500,,1,0.0
80,0.2,76,active_end,500,,1,0.0
80,0.2,77,oscillating,474,2.0,1,0.0
80,0.2,78,active_end,500,,1,0.0
80,0.2,79,active_end,500,,1,0.0
80,0.2,80,active_end,500,,1,0.0
80,0.2,81,active_end,500,,1,0.0
80,0.2,82,active_end,500,,1,0.0
80,0.2,83,oscillating,422,2.0,1,0.0
80,0.2,84,oscillating,441,2.0,1,0.0
80,0.2,85,active_end,500,,1,0.0
80,0.2,86,active_end,500,,1,0.0
80,0.2,87,active_end,500,,1,0.0
80,0.2,88,oscillating,372,2.0,1,0.0
80,0.2,89,active_end,500,,1,0.0
80,0.2,90,oscillating,461,2.0,1,0.0
80,0.2,91,active_end,500,,1,0.0
80,0.2,92,active_end,500,,1,0.0
80,0.2,93,active_end,500,,1,0.0
80,0.2,94,active_end,500,,1,0.0
80,0.2,95,active_end,500,,1,0.0
80,0.2,96,active_end,500,,1,0.0
80,0.2,97,active_end,500,,1,0.0
80,0.2,98,active_end,500,,1,0.0
80,0.2,99,oscillating,425,2.0,1,0.0
80,0.2,100,active_end,500,,1,0.0
80,0.2,101,active_end,500,,1,0.0
80,0.2,102,active_end,500,,1,0.0
80,0.2,103,active_end,500,,1,0.0
80,0.2,104,active_end,500,,1,0.0
80,0.2,105,active_end,500,,1,0.0
80,0.2,106,active_end,500,,1,0.0
80,0.2,107,active_end,500,,1,0.0
80,0.2,108,active_end,500,,1,0.0
80,0.2,109,active_end,500,,1,0.0
80,0.2,110,active_end,500,,1,0.0
80,0.2,111,active_end,500,,1,0.0
80,0.2,112,active_end,500,,1,0.0
80,0.2,113,active_end,500,,1,0.0
80,0.2,114,oscillating,401,2.0,1,0.0
80,0.2,115,oscillating,436,2.0,1,0.0
80,0.2,116,active_end,500,,1,0.0
80,0.2,117,active_end,500,,1,0.0
80,0.2,118,active_end,500,,1,0.0
80,0.2,119,active_end,500,,1,0.0
80,0.2,120,active_end,500,,1,0.0
80,0.2,121,active_end,500,,1,0.0
80,0.2,122,active_end,500,,1,0.0
80,0.2,123,oscillating,410,2.0,1,0.0
80,0.2,124,active_end,500,,1,0.0
80,0.2,125,active_end,500,,1,0.0
80,0.2,126,active_end,500,,1,0.0
80,0.2,127,active_end,500,,1,0.0
80,0.2,128,oscillating,348,6.0,1,0.0
80,0.2,129,active_end,500,,1,0.0
80,0.2,130,active_end,500,,1,0.0
80,0.2,131,active_end,500,,1,0.0
80,0.2,132,active_end,500,,1,0.0
80,0.2,133,active_end,500,,1,0.0
80,0.2,134,active_end,500,,1,0.0
80,0.2,135,active_end,500,,1,0.0
80,0.2,136,active_end,500,,1,0.0
80,0.2,137,active_end,500,,1,0.0
80,0.2,138,active_end,500,,1,0.0
80,0.2,139,active_end,500,,1,0.0
80,0.2,140,active_end,500,,1,0.0
80,0.2,141,active_end,500,,1,0.0
80,0.2,142,active_end,500,,1,0.0
80,0.2,143,active_end,500,,1,0.0
80,0.2,144,active_end,500,,1,0.0
80,0.2,145,oscillating,240,2.0,1,0.0
80,0.2,146,active_end,500,,1,0.0
80,0.2,147,active_end,500,,1,0.0
80,0.2,148,oscillating,234,2.0,1,0.0
80,0.2,149,active_end,500,,1,0.0
80,0.2,150,active_end,500,,1,0.0
80,0.2,151,active_end,500,,1,0.0
80,0.2,152,active_end,500,,1,0.0
80,0.2,153,active_end,500,,1,0.0
80,0.2,154,active_end,500,,1,0.0
80,0.2,155,active_end,500,,1,0.0
80,0.2,156,active_end,500,,1,0.0
80,0.2,157,active_end,500,,1,0.0
80,0.2,158,active_end,500,,1,0.0
80,0.2,159,active_end,500,,1,0.0
80,0.2,160,active_end,500,,1,0.0
80,0.2,161,active_end,500,,1,0.0
80,0.2,162,oscillating,304,6.0,1,0.0
80,0.2,163,active_end,500,,1,0.0
80,0.2,164,active_end,500,,1,0.0
80,0.2,165,active_end,500,,1,0.0
80,0.2,166,active_end,500,,1,0.0
80,0.2,167,oscillating,370,2.0,1,0.0
80,0.2,168,active_end,500,,1,0.0
80,0.2,169,active_end,500,,1,0.0
80,0.2,170,active_end,500,,1,0.0
80,0.2,171,active_end,500,,1,0.0
80,0.2,172,active_end,500,,1,0.0
80,0.2,173,oscillating,285,2.0,1,0.0
80,0.2,174,active_end,500,,1,0.0
80,0.2,175,oscillating,296,2.0,1,0.0
80,0.2,176,oscillating,484,2.0,1,0.0
80,0.2,177,oscillating,490,2.0,1,0.0
80,0.2,178,active_end,500,,1,0.0
80,0.2,179,active_end,500,,1,0.0
80,0.2,180,active_end,500,,1,0.0
80,0.2,181,active_end,500,,1,0.0
80,0.2,182,active_end,500,,1,0.0
80,0.2,183,active_end,500,,1,0.0
80,0.2,184,active_end,500,,1,0.0
80,0.2,185,active_end,500,,1,0.0
80,0.2,186,active_end,500,,1,0.0
80,0.2,187,active_end,500,,1,0.0
80,0.2,188,active_end,500,,1,0.0
80,0.2,189,active_end,500,,1,0.0
80,0.2,190,active_end,500,,1,0.0
80,0.2,191,active_end,500,,1,0.0
80,0.2,192,active_end,500,,1,0.0
80,0.2,193,active_end,500,,1,0.0
80,0.2,194,active_end,500,,1,0.0
80,0.2,195,oscillating,412,2.0,1,0.0
80,0.2,196,active_end,500,,1,0.0
80,0.2,197,active_end,500,,1,0.0
80,0.2,198,active_end,500,,1,0.0
80,0.2,199,active_end,500,,1,0.0
80,0.3,0,active_end,500,,1,0.0
80,0.3,1,active_end,500,,1,0.0
80,0.3,2,active_end,500,,1,0.0
80,0.3,3,active_end,500,,1,0.0
80,0.3,4,active_end,500,,1,0.0
80,0.3,5,active_end,500,,1,0.0
80,0.3,6,active_end,500,,1,0.0
80,0.3,7,active_end,500,,1,0.0
80,0.3,8,active_end,500,,1,0.0
80,0.3,9,active_end,500,,1,0.0
80,0.3,10,active_end,500,,1,0.0
80,0.3,11,active_end,500,,1,0.0
80,0.3,12,active_end,500,,1,0.0
80,0.3,13,oscillating,378,2.0,1,0.0
80,0.3,14,oscillating,386,2.0,1,0.0
80,0.3,15,oscillating,457,2.0,1,0.0
80,0.3,16,active_end,500,,1,0.0
80,0.3,17,active_end,500,,1,0.0
80,0.3,18,active_end,500,,1,0.0
80,0.3,19,oscillating,489,2.0,1,0.0
80,0.3,20,active_end,500,,1,0.0
80,0.3,21,active_end,500,,1,0.0
80,0.3,22,active_end,500,,1,0.0
80,0.3,23,active_end,500,,1,0.0
80,0.3,24,active_end,500,,1,0.0
80,0.3,25,active_end,500,,1,0.0
80,0.3,26,active_end,500,,1,0.0
80,0.3,27,active_end,500,,1,0.0
80,0.3,28,active_end,500,,1,0.0
80,0.3,29,active_end,500,,1,0.0
80,0.3,30,active_end,500,,1,0.0
80,0.3,31,oscillating,443,2.0,1,0.0
80,0.3,32,active_end,500,,1,0.0
80,0.3,33,active_end,500,,1,0.0
80,0.3,34,active_end,500,,1,0.0
80,0.3,35,active_end,500,,1,0.0
80,0.3,36,active_end,500,,1,0.0
80,0.3,37,active_end,500,,1,0.0
80,0.3,38,active_end,500,,1,0.0
80,0.3,39,active_end,500,,1,0.0
80,0.3,40,oscillating,481,2.0,1,0.0
80,0.3,41,active_end,500,,1,0.0
80,0.3,42,oscillating,330,6.0,1,0.0
80,0.3,43,active_end,500,,1,0.0
80,0.3,44,active_end,500,,1,0.0
80,0.3,45,active_end,500,,1,0.0
80,0.3,46,active_end,500,,1,0.0
80,0.3,47,active_end,500,,1,0.0
80,0.3,48,active_end,500,,1,0.0
80,0.3,49,active_end,500,,1,0.0
80,0.3,50,active_end,500,,1,0.0
80,0.3,51,active_end,500,,1,0.0
80,0.3,52,active_end,500,,1,0.0
80,0.3,53,active_end,500,,1,0.0
80,0.3,54,active_end,500,,1,0.0
80,0.3,55,oscillating,486,2.0,1,0.0
80,0.3,56,active_end,500,,1,0.0
80,0.3,57,active_end,500,,1,0.0
80,0.3,58,active_end,500,,1,0.0
80,0.3,59,oscillating,490,2.0,1,0.0
80,0.3,60,active_end,500,,1,0.0
80,0.3,61,active_end,500,,1,0.0
80,0.3,62,active_end,500,,1,0.0
80,0.3,63,active_end,500,,1,0.0
80,0.3,64,oscillating,473,2.0,1,0.0
80,0.3,65,active_end,500,,1,0.0
80,0.3,66,active_end,500,,1,0.0
80,0.3,67,active_end,500,,1,0.0
80,0.3,68,active_end,500,,1,0.0
80,0.3,69,oscillating,451,2.0,1,0.0
80,0.3,70,active_end,500,,1,0.0
80,0.3,71,active_end,500,,1,0.0
80,0.3,72,oscillating,456,2.0,1,0.0
80,0.3,73,oscillating,390,6.0,1,0.0
80,0.3,74,active_end,500,,1,0.0
80,0.3,75,active_end,500,,1,0.0
80,0.3,76,active_end,500,,1,0.0
80,0.3,77,oscillating,321,2.0,1,0.0
80,0.3,78,active_end,500,,1,0.0
80,0.3,79,active_end,500,,1,0.0
80,0.3,80,active_end,500,,1,0.0
80,0.3,81,active_end,500,,1,0.0
80,0.3,82,active_end,500,,1,0.0
80,0.3,83,active_end,500,,1,0.0
80,0.3,84,oscillating,488,2.0,1,0.0
80,0.3,85,oscillating,492,2.0,1,0.0
80,0.3,86,active_end,500,,1,0.0
80,0.3,87,active_end,500,,1,0.0
80,0.3,88,active_end,500,,1,0.0
80,0.3,89,active_end,500,,1,0.0
80,0.3,90,active_end,500,,1,0.0
80,0.3,91,oscillating,332,6.0,1,0.0
80,0.3,92,active_end,500,,1,0.0
80,0.3,93,active_end,500,,1,0.0
80,0.3,94,active_end,500,,1,0.0
80,0.3,95,active_end,500,,1,0.0
80,0.3,96,active_end,500,,1,0.0
80,0.3,97,active_end,500,,1,0.0
80,0.3,98,active_end,500,,1,0.0
80,0.3,99,active_end,500,,1,0.0
80,0.3,100,oscillating,465,2.0,1,0.0
80,0.3,101,active_end,500,,1,0.0
80,0.3,102,active_end,500,,1,0.0
80,0.3,103,active_end,500,,1,0.0
80,0.3,104,oscillating,326,2.0,1,0.0
80,0.3,105,active_end,500,,1,0.0
80,0.3,106,active_end,500,,1,0.0
80,0.3,107,oscillating,454,2.0,1,0.0
80,0.3,108,active_end,500,,1,0.0
80,0.3,109,active_end,500,,1,0.0
80,0.3,110,active_end,500,,1,0.0
80,0.3,111,oscillating,380,2.0,1,0.0
80,0.3,112,oscillating,255,6.0,1,0.0
80,0.3,113,active_end,500,,1,0.0
80,0.3,114,oscillating,438,6.0,1,0.0
80,0.3,115,oscillating,448,2.0,1,0.0
80,0.3,116,active_end,500,,1,0.0
80,0.3,117,oscillating,500,2.0,1,0.0
80,0.3,118,oscillating,469,2.0,1,0.0
80,0.3,119,active_end,500,,1,0.0
80,0.3,120,active_end,500,,1,0.0
80,0.3,121,active_end,500,,1,0.0
80,0.3,122,oscillating,460,2.0,1,0.0
80,0.3,123,active_end,500,,1,0.0
80,0.3,124,active_end,500,,1,0.0
80,0.3,125,active_end,500,,1,0.0
80,0.3,126,oscillating,463,2.0,1,0.0
80,0.3,127,active_end,500,,1,0.0
80,0.3,128,oscillating,387,2.0,1,0.0
80,0.3,129,active_end,500,,1,0.0
80,0.3,130,oscillating,343,2.0,1,0.0
80,0.3,131,active_end,500,,1,0.0
80,0.3,132,active_end,500,,1,0.0
80,0.3,133,active_end,500,,1,0.0
80,0.3,134,oscillating,438,2.0,1,0.0
80,0.3,135,oscillating,480,2.0,1,0.0
80,0.3,136,active_end,500,,1,0.0
80,0.3,137,active_end,500,,1,0.0
80,0.3,138,active_end,500,,1,0.0
80,0.3,139,oscillating,273,2.0,1,0.0
80,0.3,140,oscillating,440,2.0,1,0.0
80,0.3,141,active_end,500,,1,0.0
80,0.3,142,active_end,500,,1,0.0
80,0.3,143,active_end,500,,1,0.0
80,0.3,144,oscillating,342,2.0,1,0.0
80,0.3,145,active_end,500,,1,0.0
80,0.3,146,oscillating,344,2.0,1,0.0
80,0.3,147,active_end,500,,1,0.0
80,0.3,148,oscillating,411,2.0,1,0.0
80,0.3,149,oscillating,355,6.0,1,0.0
80,0.3,150,oscillating,306,2.0,1,0.0
80,0.3,151,oscillating,370,2.0,1,0.0
80,0.3,152,active_end,500,,1,0.0
80,0.3,153,active_end,500,,1,0.0
80,0.3,154,active_end,500,,1,0.0
80,0.3,155,active_end,500,,1,0.0
80,0.3,156,active_end,500,,1,0.0
80,0.3,157,active_end,500,,1,0.0
80,0.3,158,active_end,500,,1,0.0
80,0.3,159,active_end,500,,1,0.0
80,0.3,160,active_end,500,,1,0.0
80,0.3,161,active_end,500,,1,0.0
80,0.3,162,active_end,500,,1,0.0
80,0.3,163,oscillating,296,6.0,1,0.0
80,0.3,164,active_end,500,,1,0.0
80,0.3,165,active_end,500,,1,0.0
80,0.3,166,active_end,500,,1,0.0
80,0.3,167,active_end,500,,1,0.0
80,0.3,168,active_end,500,,1,0.0
80,0.3,169,active_end,500,,1,0.0
80,0.3,170,oscillating,421,2.0,1,0.0
80,0.3,171,active_end,500,,1,0.0
80,0.3,172,active_end,500,,1,0.0
80,0.3,173,active_end,500,,1,0.0
80,0.3,174,active_end,500,,1,0.0
80,0.3,175,oscillating,330,2.0,1,0.0
80,0.3,176,active_end,500,,1,0.0
80,0.3,177,active_end,500,,1,0.0
80,0.3,178,active_end,500,,1,0.0
80,0.3,179,active_end,500,,1,0.0
80,0.3,180,active_end,500,,1,0.0
80,0.3,181,oscillating,339,2.0,1,0.0
80,0.3,182,oscillating,369,2.0,1,0.0
80,0.3,183,oscillating,332,2.0,1,0.0
80,0.3,184,active_end,500,,1,0.0
80,0.3,185,active_end,500,,1,0.0
80,0.3,186,active_end,500,,1,0.0
80,0.3,187,active_end,500,,1,0.0
80,0.3,188,active_end,500,,1,0.0
80,0.3,189,active_end,500,,1,0.0
80,0.3,190,active_end,500,,1,0.0
80,0.3,191,oscillating,355,2.0,1,0.0
80,0.3,192,active_end,500,,1,0.0
80,0.3,193,active_end,500,,1,0.0
80,0.3,194,active_end,500,,1,0.0
80,0.3,195,active_end,500,,1,0.0
80,0.3,196,active_end,500,,1,0.0
80,0.3,197,active_end,500,,1,0.0
80,0.3,198,active_end,500,,1,0.0
80,0.3,199,active_end,500,,1,0.0
80,0.4,0,active_end,500,,1,0.0
80,0.4,1,active_end,500,,1,0.0
80,0.4,2,active_end,500,,1,0.0
80,0.4,3,active_end,500,,1,0.0
80,0.4,4,active_end,500,,1,0.0
80,0.4,5,oscillating,428,6.0,1,0.0
80,0.4,6,active_end,500,,1,0.0
80,0.4,7,active_end,500,,1,0.0
80,0.4,8,oscillating,135,2.0,1,0.0
80,0.4,9,active_end,500,,1,0.0
80,0.4,10,active_end,500,,1,0.0
80,0.4,11,active_end,500,,1,0.0
80,0.4,12,active_end,500,,1,0.0
80,0.4,13,oscillating,376,6.0,1,0.0
80,0.4,14,active_end,500,,1,0.0
80,0.4,15,active_end,500,,1,0.0
80,0.4,16,active_end,500,,1,0.0
80,0.4,17,active_end,500,,1,0.0
80,0.4,18,oscillating,428,2.0,1,0.0
80,0.4,19,oscillating,348,2.0,1,0.0
80,0.4,20,active_end,500,,1,0.0
80,0.4,21,oscillating,493,6.0,1,0.0
80,0.4,22,active_end,500,,1,0.0
80,0.4,23,active_end,500,,1,0.0
80,0.4,24,active_end,500,,1,0.0
80,0.4,25,active_end,500,,1,0.0
80,0.4,26,active_end,500,,1,0.0
80,0.4,27,oscillating,380,2.0,1,0.0
80,0.4,28,oscillating,489,2.0,1,0.0
80,0.4,29,active_end,500,,1,0.0
80,0.4,30,active_end,500,,1,0.0
80,0.4,31,active_end,500,,1,0.0
80,0.4,32,oscillating,369,6.0,1,0.0
80,0.4,33,oscillating,470,2.0,1,0.0
80,0.4,34,active_end,500,,1,0.0
80,0.4,35,active_end,500,,1,0.0
80,0.4,36,active_end,500,,1,0.0
80,0.4,37,active_end,500,,1,0.0
80,0.4,38,active_end,500,,1,0.0
80,0.4,39,active_end,500,,1,0.0
80,0.4,40,active_end,500,,1,0.0
80,0.4,41,active_end,500,,1,0.0
80,0.4,42,active_end,500,,1,0.0
80,0.4,43,oscillating,307,2.0,1,0.0
80,0.4,44,active_end,500,,1,0.0
80,0.4,45,active_end,500,,1,0.0
80,0.4,46,active_end,500,,1,0.0
80,0.4,47,active_end,500,,1,0.0
80,0.4,48,active_end,500,,1,0.0
80,0.4,49,oscillating,471,2.0,1,0.0
80,0.4,50,active_end,500,,1,0.0
80,0.4,51,active_end,500,,1,0.0
80,0.4,52,active_end,500,,1,0.0
80,0.4,53,oscillating,477,2.0,1,0.0
80,0.4,54,active_end,500,,1,0.0
80,0.4,55,active_end,500,,1,0.0
80,0.4,56,active_end,500,,1,0.0
80,0.4,57,active_end,500,,1,0.0
80,0.4,58,active_end,500,,1,0.0
80,0.4,59,active_end,500,,1,0.0
80,0.4,60,active_end,500,,1,0.0
80,0.4,61,active_end,500,,1,0.0
80,0.4,62,active_end,500,,1,0.0
80,0.4,63,oscillating,442,2.0,1,0.0
80,0.4,64,active_end,500,,1,0.0
80,0.4,65,active_end,500,,1,0.0
80,0.4,66,active_end,500,,1,0.0
80,0.4,67,active_end,500,,1,0.0
80,0.4,68,active_end,500,,1,0.0
80,0.4,69,active_end,500,,1,0.0
80,0.4,70,active_end,500,,1,0.0
80,0.4,71,oscillating,359,2.0,1,0.0
80,0.4,72,active_end,500,,1,0.0
80,0.4,73,active_end,500,,1,0.0
80,0.4,74,active_end,500,,1,0.0
80,0.4,75,active_end,500,,1,0.0
80,0.4,76,oscillating,397,2.0,1,0.0
80,0.4,77,oscillating,392,2.0,1,0.0
80,0.4,78,active_end,500,,1,0.0
80,0.4,79,active_end,500,,1,0.0
80,0.4,80,active_end,500,,1,0.0
80,0.4,81,active_end,500,,1,0.0
80,0.4,82,oscillating,461,2.0,1,0.0
80,0.4,83,active_end,500,,1,0.0
80,0.4,84,active_end,500,,1,0.0
80,0.4,85,active_end,500,,1,0.0
80,0.4,86,active_end,500,,1,0.0
80,0.4,87,active_end,500,,1,0.0
80,0.4,88,active_end,500,,1,0.0
80,0.4,89,active_end,500,,1,0.0
80,0.4,90,active_end,500,,1,0.0
80,0.4,91,active_end,500,,1,0.0
80,0.4,92,active_end,500,,1,0.0
80,0.4,93,active_end,500,,1,0.0
80,0.4,94,active_end,500,,1,0.0
80,0.4,95,active_end,500,,1,0.0
80,0.4,96,active_end,500,,1,0.0
80,0.4,97,active_end,500,,1,0.0
80,0.4,98,oscillating,346,2.0,1,0.0
80,0.4,99,active_end,500,,1,0.0
80,0.4,100,oscillating,354,2.0,1,0.0
80,0.4,101,active_end,500,,1,0.0
80,0.4,102,active_end,500,,1,0.0
80,0.4,103,active_end,500,,1,0.0
80,0.4,104,active_end,500,,1,0.0
80,0.4,105,active_end,500,,1,0.0
80,0.4,106,active_end,500,,1,0.0
80,0.4,107,oscillating,350,2.0,1,0.0
80,0.4,108,oscillating,469,6.0,1,0.0
80,0.4,109,active_end,500,,1,0.0
80,0.4,110,active_end,500,,1,0.0
80,0.4,111,active_end,500,,1,0.0
80,0.4,112,active_end,500,,1,0.0
80,0.4,113,active_end,500,,1,0.0
80,0.4,114,active_end,500,,1,0.0
80,0.4,115,active_end,500,,1,0.0
80,0.4,116,active_end,500,,1,0.0
80,0.4,117,oscillating,283,2.0,1,0.0
80,0.4,118,oscillating,447,2.0,1,0.0
80,0.4,119,active_end,500,,1,0.0
80,0.4,120,active_end,500,,1,0.0
80,0.4,121,active_end,500,,1,0.0
80,0.4,122,active_end,500,,1,0.0
80,0.4,123,oscillating,417,2.0,1,0.0
80,0.4,124,active_end,500,,1,0.0
80,0.4,125,oscillating,432,2.0,1,0.0
80,0.4,126,active_end,500,,1,0.0
80,0.4,127,active_end,500,,1,0.0
80,0.4,128,active_end,500,,1,0.0
80,0.4,129,active_end,500,,1,0.0
80,0.4,130,active_end,500,,1,0.0
80,0.4,131,active_end,500,,1,0.0
80,0.4,132,active_end,500,,1,0.0
80,0.4,133,active_end,500,,1,0.0
80,0.4,134,active_end,500,,1,0.0
80,0.4,135,oscillating,480,2.0,1,0.0
80,0.4,136,active_end,500,,1,0.0
80,0.4,137,oscillating,271,2.0,1,0.0
80,0.4,138,active_end,500,,1,0.0
80,0.4,139,active_end,500,,1,0.0
80,0.4,140,active_end,500,,1,0.0
80,0.4,141,active_end,500,,1,0.0
80,0.4,142,active_end,500,,1,0.0
80,0.4,143,active_end,500,,1,0.0
80,0.4,144,oscillating,420,2.0,1,0.0
80,0.4,145,oscillating,338,2.0,1,0.0
80,0.4,146,active_end,500,,1,0.0
80,0.4,147,active_end,500,,1,0.0
80,0.4,148,active_end,500,,1,0.0
80,0.4,149,active_end,500,,1,0.0
80,0.4,150,active_end,500,,1,0.0
80,0.4,151,active_end,500,,1,0.0
80,0.4,152,active_end,500,,1,0.0
80,0.4,153,active_end,500,,1,0.0
80,0.4,154,active_end,500,,1,0.0
80,0.4,155,active_end,500,,1,0.0
80,0.4,156,active_end,500,,1,0.0
80,0.4,157,active_end,500,,1,0.0
80,0.4,158,active_end,500,,1,0.0
80,0.4,159,active_end,500,,1,0.0
80,0.4,160,oscillating,310,2.0,1,0.0
80,0.4,161,active_end,500,,1,0.0
80,0.4,162,oscillating,408,2.0,1,0.0
80,0.4,163,active_end,500,,1,0.0
80,0.4,164,active_end,500,,1,0.0
80,0.4,165,oscillating,456,2.0,1,0.0
80,0.4,166,active_end,500,,1,0.0
80,0.4,167,active_end,500,,1,0.0
80,0.4,168,active_end,500,,1,0.0
80,0.4,169,oscillating,411,2.0,1,0.0
80,0.4,170,active_end,500,,1,0.0
80,0.4,171,active_end,500,,1,0.0
80,0.4,172,oscillating,350,2.0,1,0.0
80,0.4,173,active_end,500,,1,0.0
80,0.4,174,active_end,500,,1,0.0
80,0.4,175,active_end,500,,1,0.0
80,0.4,176,oscillating,487,2.0,1,0.0
80,0.4,177,active_end,500,,1,0.0
80,0.4,178,active_end,500,,1,0.0
80,0.4,179,oscillating,495,2.0,1,0.0
80,0.4,180,active_end,500,,1,0.0
80,0.4,181,active_end,500,,1,0.0
80,0.4,182,active_end,500,,1,0.0
80,0.4,183,oscillating,453,2.0,1,0.0
80,0.4,184,active_end,500,,1,0.0
80,0.4,185,active_end,500,,1,0.0
80,0.4,186,active_end,500,,1,0.0
80,0.4,187,active_end,500,,1,0.0
80,0.4,188,active_end,500,,1,0.0
80,0.4,189,active_end,500,,1,0.0
80,0.4,190,active_end,500,,1,0.0
80,0.4,191,active_end,500,,1,0.0
80,0.4,192,oscillating,408,2.0,1,0.0
80,0.4,193,active_end,500,,1,0.0
80,0.4,194,oscillating,476,2.0,1,0.0
80,0.4,195,active_end,500,,1,0.0
80,0.4,196,active_end,500,,1,0.0
80,0.4,197,active_end,500,,1,0.0
80,0.4,198,active_end,500,,1,0.0
80,0.4,199,active_end,500,,1,0.0
